symbol,price,timestamp
AMZN,85.82,2023-01-03
GOOGL,88.5054441548846,2023-01-03
META,123.982166253359,2023-01-03
MSFT,233.994808106639,2023-01-03
NVDA,14.3014885004012,2023-01-03
AMZN,85.14,2023-01-04
GOOGL,87.472615811964,2023-01-04
META,126.596188196973,2023-01-04
MSFT,223.759122369275,2023-01-04
NVDA,14.7350788608046,2023-01-04
AMZN,83.12,2023-01-05
GOOGL,85.6055799612999,2023-01-05
META,126.168800578815,2023-01-05
MSFT,217.127413766537,2023-01-05
NVDA,14.2515356939031,2023-01-05
AMZN,86.08,2023-01-06
GOOGL,86.737718721809,2023-01-06
META,129.230088634454,2023-01-06
MSFT,219.686335200878,2023-01-06
NVDA,14.8449750351004,2023-01-06
AMZN,87.36,2023-01-09
GOOGL,87.4130295614109,2023-01-09
META,128.68343005309,2023-01-09
MSFT,221.825280979964,2023-01-09
NVDA,15.6132491990409,2023-01-09
AMZN,89.87,2023-01-10
GOOGL,87.810271231765,2023-01-10
META,132.182044973819,2023-01-10
MSFT,223.514950476686,2023-01-10
NVDA,15.8939839715601,2023-01-10
AMZN,95.09,2023-01-11
GOOGL,90.8888941770089,2023-01-11
META,132.08265250448,2023-01-11
MSFT,230.273628463571,2023-01-11
NVDA,15.9858971355166,2023-01-11
AMZN,95.27,2023-01-12
GOOGL,90.5015835484137,2023-01-12
META,135.879444833227,2023-01-12
MSFT,232.949752406355,2023-01-12
NVDA,16.495415761797,2023-01-12
AMZN,98.12,2023-01-13
GOOGL,91.48475668254,2023-01-13
META,136.147804500442,2023-01-13
MSFT,233.652967457013,2023-01-13
NVDA,16.8830495402221,2023-01-13
AMZN,96.05,2023-01-17
GOOGL,90.6604802165554,2023-01-17
META,134.537646497152,2023-01-17
MSFT,234.746857535815,2023-01-17
NVDA,17.6852916125814,2023-01-17
AMZN,95.46,2023-01-18
GOOGL,90.4916525066549,2023-01-18
META,132.211862714621,2023-01-18
MSFT,230.312695966385,2023-01-18
NVDA,17.3605983703438,2023-01-18
AMZN,93.68,2023-01-19
GOOGL,92.4083435661132,2023-01-19
META,135.322847004929,2023-01-19
MSFT,226.523148193392,2023-01-19
NVDA,16.7491760188073,2023-01-19
AMZN,97.25,2023-01-20
GOOGL,97.3440713202624,2023-01-20
META,138.523284517642,2023-01-20
MSFT,234.619888151669,2023-01-20
NVDA,17.8221623023861,2023-01-20
AMZN,97.52,2023-01-23
GOOGL,99.1018657115791,2023-01-23
META,142.39959082186,2023-01-23
MSFT,236.924870817716,2023-01-23
NVDA,19.1748843023542,2023-01-23
AMZN,96.32,2023-01-24
GOOGL,97.0262779839792,2023-01-24
META,142.270380611719,2023-01-24
MSFT,236.397459529722,2023-01-24
NVDA,19.2468163437114,2023-01-24
AMZN,97.18,2023-01-25
GOOGL,94.563379627784,2023-01-25
META,140.640344114561,2023-01-25
MSFT,235.000796304109,2023-01-25
NVDA,19.3047615992492,2023-01-25
AMZN,99.22,2023-01-26
GOOGL,96.8475192323198,2023-01-26
META,146.405107336218,2023-01-26
MSFT,242.218517449063,2023-01-26
NVDA,19.7833094855009,2023-01-26
AMZN,102.24,2023-01-27
GOOGL,98.6847619577074,2023-01-27
META,150.818132974865,2023-01-27
MSFT,242.37478746032,2023-01-27
NVDA,20.3457780866693,2023-01-27
AMZN,100.55,2023-01-30
GOOGL,96.2715188103064,2023-01-30
META,146.166565409804,2023-01-30
MSFT,237.051840201863,2023-01-30
NVDA,19.1439135623254,2023-01-30
AMZN,103.13,2023-01-31
GOOGL,98.1584167444882,2023-01-31
META,148.064961574178,2023-01-31
MSFT,242.032946810695,2023-01-31
NVDA,19.518559611061,2023-01-31
AMZN,105.15,2023-02-01
GOOGL,99.7374523841456,2023-02-01
META,152.189749051742,2023-02-01
MSFT,246.857783408269,2023-02-01
NVDA,20.9232325297871,2023-02-01
AMZN,112.91,2023-02-02
GOOGL,106.997043909866,2023-02-02
META,187.623164371065,2023-02-02
MSFT,258.431531117024,2023-02-02
NVDA,21.6885095253377,2023-02-02
AMZN,103.39,2023-02-03
GOOGL,104.057455549246,2023-02-03
META,185.396773057873,2023-02-03
MSFT,252.32723380228,2023-02-03
NVDA,21.0800843421911,2023-02-03
AMZN,102.18,2023-02-06
GOOGL,102.190419698582,2023-02-06
META,184.92962845198,2023-02-06
MSFT,250.784067441112,2023-02-06
NVDA,21.0690947247615,2023-02-06
AMZN,102.11,2023-02-07
GOOGL,106.897733492278,2023-02-07
META,190.455849747224,2023-02-07
MSFT,261.322526325287,2023-02-07
NVDA,22.15207156964,2023-02-07
AMZN,100.05,2023-02-08
GOOGL,98.6847619577074,2023-02-08
META,182.315606508367,2023-02-08
MSFT,260.511875641889,2023-02-08
NVDA,22.1840413657987,2023-02-08
AMZN,98.24,2023-02-09
GOOGL,94.3548277508481,2023-02-09
META,176.839081447793,2023-02-09
MSFT,257.474377298072,2023-02-09
NVDA,22.3159167749537,2023-02-09
AMZN,97.61,2023-02-10
GOOGL,93.9178619134586,2023-02-10
META,173.091985353716,2023-02-10
MSFT,256.966499761486,2023-02-10
NVDA,21.2449286036348,2023-02-10
AMZN,99.54,2023-02-13
GOOGL,93.9575860804941,2023-02-13
META,178.33990773481,2023-02-13
MSFT,264.994871589838,2023-02-13
NVDA,21.7674349596047,2023-02-13
AMZN,99.7,2023-02-14
GOOGL,94.027103372806,2023-02-14
META,178.38960396948,2023-02-14
MSFT,265.825056024643,2023-02-14
NVDA,22.9493183613494,2023-02-14
AMZN,101.16,2023-02-15
GOOGL,96.2715188103064,2023-02-15
META,176.083698680817,2023-02-15
MSFT,263.705643996964,2023-02-15
NVDA,22.7425137424473,2023-02-15
AMZN,98.15,2023-02-16
GOOGL,94.8513798387907,2023-02-16
META,171.39237412802,2023-02-16
MSFT,256.685112779608,2023-02-16
NVDA,21.9812329714165,2023-02-16
AMZN,97.2,2023-02-17
GOOGL,93.6993789947639,2023-02-17
META,171.829700993112,2023-02-17
MSFT,252.680374609596,2023-02-17
NVDA,21.3678125076201,2023-02-17
AMZN,94.58,2023-02-21
GOOGL,91.1570323044979,2023-02-21
META,171.0345612384,2023-02-21
MSFT,247.402736776744,2023-02-21
NVDA,20.6355043643582,2023-02-21
AMZN,95.79,2023-02-22
GOOGL,91.017997719874,2023-02-22
META,170.080393532747,2023-02-22
MSFT,246.266918616056,2023-02-22
NVDA,20.7344109212244,2023-02-22
AMZN,95.82,2023-02-23
GOOGL,90.2632385462013,2023-02-23
META,170.994804250665,2023-02-23
MSFT,249.458959309024,2023-02-23
NVDA,23.6416642594128,2023-02-23
AMZN,93.5,2023-02-24
GOOGL,88.5153751966434,2023-02-24
META,169.354828506573,2023-02-24
MSFT,244.024656902284,2023-02-24
NVDA,23.2640210422873,2023-02-24
AMZN,93.76,2023-02-27
GOOGL,89.2502722867984,2023-02-27
META,168.509992517192,2023-02-27
MSFT,244.945061273876,2023-02-27
NVDA,23.478818110229,2023-02-27
AMZN,94.23,2023-02-28
GOOGL,89.4389620802166,2023-02-28
META,173.877185861493,2023-02-28
MSFT,244.220487619644,2023-02-28
NVDA,23.19408711319,2023-02-28
AMZN,92.17,2023-03-01
GOOGL,89.7368933329822,2023-03-01
META,172.366420327542,2023-03-01
MSFT,241.136153821225,2023-03-01
NVDA,22.6765760378698,2023-03-01
AMZN,92.13,2023-03-02
GOOGL,91.3655841814338,2023-03-02
META,173.469676737204,2023-03-02
MSFT,245.875257181336,2023-03-02
NVDA,23.2919946139262,2023-03-02
AMZN,94.9,2023-03-03
GOOGL,93.0042060716443,2023-03-03
META,184.124549450335,2023-03-03
MSFT,249.96811917416,2023-03-03
NVDA,23.8674509447841,2023-03-03
AMZN,93.75,2023-03-06
GOOGL,94.4740002519543,2023-03-06
META,183.776675807649,2023-03-06
MSFT,251.515181841304,2023-03-06
NVDA,23.531768085117,2023-03-06
AMZN,93.55,2023-03-07
GOOGL,93.2127579485802,2023-03-07
META,183.389045177227,2023-03-07
MSFT,248.851884085208,2023-03-07
NVDA,23.2700153790671,2023-03-07
AMZN,93.92,2023-03-08
GOOGL,93.6000685771754,2023-03-08
META,183.846250536186,2023-03-08
MSFT,248.411264971148,2023-03-08
NVDA,24.1623257420655,2023-03-08
AMZN,92.25,2023-03-09
GOOGL,91.683377517717,2023-03-09
META,180.58617754187,2023-03-09
MSFT,247.060033021364,2023-03-09
NVDA,23.417901083125,2023-03-09
AMZN,90.73,2023-03-10
GOOGL,90.0050314604711,2023-03-10
META,178.419421710281,2023-03-10
MSFT,243.407790142601,2023-03-10
NVDA,22.9472648222378,2023-03-10
AMZN,92.43,2023-03-13
GOOGL,90.481721464896,2023-03-13
META,179.800977034092,2023-03-13
MSFT,248.626678760244,2023-03-13
NVDA,22.948264049968,2023-03-13
AMZN,94.88,2023-03-14
GOOGL,93.3219994079275,2023-03-14
META,192.841269011358,2023-03-14
MSFT,255.35346390156,2023-03-14
NVDA,24.0444168699111,2023-03-14
AMZN,96.2,2023-03-15
GOOGL,95.4472423443218,2023-03-15
META,196.548608117699,2023-03-15
MSFT,259.90652808018,2023-03-15
NVDA,24.2092894453812,2023-03-15
AMZN,100.04,2023-03-16
GOOGL,99.6282109247983,2023-03-16
META,203.684987416233,2023-03-16
MSFT,270.442220674147,2023-03-16
NVDA,25.5212754550306,2023-03-16
AMZN,98.95,2023-03-17
GOOGL,100.919246353449,2023-03-17
META,194.421609273846,2023-03-17
MSFT,273.604886759511,2023-03-17
NVDA,25.7051333573729,2023-03-17
AMZN,97.71,2023-03-20
GOOGL,100.522004683095,2023-03-20
META,196.608243599302,2023-03-20
MSFT,266.554980934551,2023-03-20
NVDA,25.8799982101441,2023-03-20
AMZN,100.61,2023-03-21
GOOGL,104.19649013387,2023-03-21
META,200.931816015545,2023-03-21
MSFT,268.072668994091,2023-03-21
NVDA,26.1787673014504,2023-03-21
AMZN,98.7,2023-03-22
GOOGL,102.657178661248,2023-03-22
META,198.596092986081,2023-03-22
MSFT,266.613730149759,2023-03-22
NVDA,26.4475595608531,2023-03-22
AMZN,98.71,2023-03-23
GOOGL,104.871800973472,2023-03-23
META,203.03893636553,2023-03-23
MSFT,271.871784910875,2023-03-23
NVDA,27.1700012097309,2023-03-23
AMZN,98.13,2023-03-24
GOOGL,104.71290430533,2023-03-24
META,204.758426085093,2023-03-24
MSFT,274.721121848463,2023-03-24
NVDA,26.7583193849209,2023-03-24
AMZN,98.04,2023-03-27
GOOGL,101.753453861192,2023-03-27
META,201.60768480705,2023-03-27
MSFT,270.618468319771,2023-03-27
NVDA,26.5105109078507,2023-03-27
AMZN,97.24,2023-03-28
GOOGL,100.333314889677,2023-03-28
META,199.460807469329,2023-03-28
MSFT,269.492441694951,2023-03-28
NVDA,26.3896043525061,2023-03-28
AMZN,100.25,2023-03-29
GOOGL,100.690832392995,2023-03-29
META,204.102435787456,2023-03-29
MSFT,274.662372633255,2023-03-29
NVDA,26.9631610695957,2023-03-29
AMZN,102.0,2023-03-30
GOOGL,100.194280305053,2023-03-30
META,206.577308273995,2023-03-30
MSFT,278.128576330527,2023-03-30
NVDA,27.3618529339142,2023-03-30
AMZN,103.29,2023-03-31
GOOGL,103.014696164567,2023-03-31
META,210.652399516891,2023-03-31
MSFT,282.289979074427,2023-03-31
NVDA,27.755548659582,2023-03-31
AMZN,102.41,2023-04-03
GOOGL,103.640351795374,2023-04-03
META,211.77553442042,2023-04-03
MSFT,281.242284736551,2023-04-03
NVDA,27.9434034728448,2023-04-03
AMZN,103.95,2023-04-04
GOOGL,103.997869298693,2023-04-04
META,213.415510164512,2023-04-04
MSFT,281.193327057211,2023-04-04
NVDA,27.4317988750227,2023-04-04
AMZN,101.1,2023-04-05
GOOGL,103.749593254722,2023-04-05
META,210.195194157932,2023-04-05
MSFT,278.412530870699,2023-04-05
NVDA,26.8602406133932,2023-04-05
AMZN,102.06,2023-04-06
GOOGL,107.672354749468,2023-04-06
META,214.787126241389,2023-04-06
MSFT,285.521185910867,2023-04-06
NVDA,27.0161201392922,2023-04-06
AMZN,102.17,2023-04-10
GOOGL,105.706008481215,2023-04-10
META,213.445327905314,2023-04-10
MSFT,283.357256484039,2023-04-10
NVDA,27.557701569018,2023-04-10
AMZN,99.92,2023-04-11
GOOGL,104.623524929501,2023-04-11
META,212.550795681264,2023-04-11
MSFT,276.934008954631,2023-04-11
NVDA,27.1480181996682,2023-04-11
AMZN,97.83,2023-04-12
GOOGL,103.918420964622,2023-04-12
META,212.699884385272,2023-04-12
MSFT,277.580250321919,2023-04-12
NVDA,26.4745387095664,2023-04-12
AMZN,102.4,2023-04-13
GOOGL,106.689181615342,2023-04-13
META,219.011306188293,2023-04-13
MSFT,283.797875598099,2023-04-13
NVDA,26.4425634222025,2023-04-13
AMZN,102.51,2023-04-14
GOOGL,108.119251628616,2023-04-14
META,220.144380338757,2023-04-14
MSFT,280.175007326939,2023-04-14
NVDA,26.7373356025883,2023-04-14
AMZN,102.74,2023-04-17
GOOGL,105.239249518549,2023-04-17
META,217.530358395143,2023-04-17
MSFT,282.779555867827,2023-04-17
NVDA,26.9811471687379,2023-04-17
AMZN,102.3,2023-04-18
GOOGL,103.779386379998,2023-04-18
META,216.566251442556,2023-04-18
MSFT,282.358519825503,2023-04-18
NVDA,27.6456336092686,2023-04-18
AMZN,104.3,2023-04-19
GOOGL,103.461593043715,2023-04-19
META,214.389556364034,2023-04-19
MSFT,282.436852112447,2023-04-19
NVDA,27.9094297300207,2023-04-19
AMZN,103.81,2023-04-20
GOOGL,104.563938678947,2023-04-20
META,211.77553442042,2023-04-20
MSFT,280.145632719335,2023-04-20
NVDA,27.0830683972103,2023-04-20
AMZN,106.96,2023-04-21
GOOGL,104.683111180054,2023-04-21
META,211.59662797561,2023-04-21
MSFT,279.802928963955,2023-04-21
NVDA,27.0980568131621,2023-04-21
AMZN,106.21,2023-04-24
GOOGL,105.239249518549,2023-04-24
META,211.497235506271,2023-04-24
MSFT,275.896106152623,2023-04-24
NVDA,27.0211162779428,2023-04-24
AMZN,102.57,2023-04-25
GOOGL,103.133868665673,2023-04-25
META,206.289070112912,2023-04-25
MSFT,269.678480876443,2023-04-25
NVDA,26.2207348661155,2023-04-25
AMZN,104.98,2023-04-26
GOOGL,102.994834081049,2023-04-26
META,208.127830795682,2023-04-26
MSFT,289.212594933102,2023-04-26
NVDA,26.9351826931523,2023-04-26
AMZN,109.82,2023-04-27
GOOGL,106.848078283483,2023-04-27
META,237.110674854909,2023-04-27
MSFT,298.47538786423,2023-04-27
NVDA,27.2049741802851,2023-04-27
AMZN,105.45,2023-04-28
GOOGL,106.599802239512,2023-04-28
META,238.859982315274,2023-04-28
MSFT,300.854731080154,2023-04-28
NVDA,27.7275702831386,2023-04-28
AMZN,102.05,2023-05-01
GOOGL,106.460767654888,2023-05-01
META,241.702606938367,2023-05-01
MSFT,299.190169982594,2023-05-01
NVDA,28.8876736778095,2023-05-01
AMZN,103.63,2023-05-02
GOOGL,104.593731804224,2023-05-02
META,237.786543646414,2023-05-02
MSFT,299.043296944574,2023-05-02
NVDA,28.1882142667246,2023-05-02
AMZN,103.65,2023-05-03
GOOGL,104.683111180054,2023-05-03
META,235.589970074024,2023-05-03
MSFT,298.054351821906,2023-05-03
NVDA,27.780529352835,2023-05-03
AMZN,104.0,2023-05-04
GOOGL,103.968076173416,2023-05-04
META,232.101294400228,2023-05-04
MSFT,299.043296944574,2023-05-04
NVDA,27.5407146976059,2023-05-04
AMZN,105.655,2023-05-05
GOOGL,104.842007848195,2023-05-05
META,231.36579012712,2023-05-05
MSFT,304.174061739406,2023-05-05
NVDA,28.6578512998816,2023-05-05
AMZN,105.83,2023-05-08
GOOGL,107.026837035143,2023-05-08
META,231.852813226881,2023-05-08
MSFT,302.215754565806,2023-05-08
NVDA,29.1284875607688,2023-05-08
AMZN,106.62,2023-05-09
GOOGL,106.609733281271,2023-05-09
META,231.95220569622,2023-05-09
MSFT,300.600151147586,2023-05-09
NVDA,28.5489354772984,2023-05-09
AMZN,110.19,2023-05-10
GOOGL,110.979391655166,2023-05-10
META,231.663967535137,2023-05-10
MSFT,305.799456693494,2023-05-10
NVDA,28.8626929845565,2023-05-10
AMZN,112.18,2023-05-11
GOOGL,115.766153782932,2023-05-11
META,234.357503454221,2023-05-11
MSFT,303.645318802534,2023-05-11
NVDA,28.5559300714092,2023-05-11
AMZN,110.26,2023-05-12
GOOGL,116.699671708264,2023-05-12
META,232.389532561311,2023-05-12
MSFT,302.529083713582,2023-05-12
NVDA,28.3181138716403,2023-05-12
AMZN,111.2,2023-05-15
GOOGL,115.706567532379,2023-05-15
META,237.408852262926,2023-05-15
MSFT,303.008868971114,2023-05-15
NVDA,28.9306404702048,2023-05-15
AMZN,113.4,2023-05-16
GOOGL,118.685880060034,2023-05-16
META,237.36909527519,2023-05-16
MSFT,305.241339149018,2023-05-16
NVDA,29.1904396800363,2023-05-16
AMZN,115.5,2023-05-17
GOOGL,120.006708613962,2023-05-17
META,241.011829276461,2023-05-17
MSFT,308.120050694209,2023-05-17
NVDA,30.1546944396035,2023-05-17
AMZN,118.15,2023-05-18
GOOGL,121.982985923973,2023-05-18
META,245.350310563105,2023-05-18
MSFT,312.555409385731,2023-05-18
NVDA,31.6535360347856,2023-05-18
AMZN,116.25,2023-05-19
GOOGL,121.913468631661,2023-05-19
META,244.147661684104,2023-05-19
MSFT,312.378780057308,2023-05-19
NVDA,31.2398557545153,2023-05-19
AMZN,115.01,2023-05-22
GOOGL,124.187677194438,2023-05-22
META,246.811379862387,2023-05-22
MSFT,315.165598350211,2023-05-22
NVDA,31.1519237142646,2023-05-22
AMZN,114.99,2023-05-23
GOOGL,121.714847796484,2023-05-23
META,245.240978846832,2023-05-23
MSFT,309.356455993173,2023-05-23
NVDA,30.6643005819654,2023-05-23
AMZN,116.75,2023-05-24
GOOGL,120.066294864515,2023-05-24
META,247.695972839503,2023-05-24
MSFT,307.97285958719,2023-05-24
NVDA,30.5144164224472,2023-05-24
AMZN,115.0,2023-05-25
GOOGL,122.628503638298,2023-05-25
META,251.154830772497,2023-05-25
MSFT,319.816837332028,2023-05-25
NVDA,37.9506691900106,2023-05-25
AMZN,120.11,2023-05-26
GOOGL,123.750711357049,2023-05-26
META,260.448026655686,2023-05-26
MSFT,326.656317438202,2023-05-26
NVDA,38.9159231773079,2023-05-26
AMZN,121.66,2023-05-30
GOOGL,122.817193431717,2023-05-30
META,260.925110508512,2023-05-30
MSFT,325.007777039583,2023-05-30
NVDA,40.0800234828993,2023-05-30
AMZN,120.58,2023-05-31
GOOGL,122.022710091008,2023-05-31
META,263.111744833969,2023-05-31
MSFT,322.240584227616,2023-05-31
NVDA,37.8047819414129,2023-05-31
AMZN,122.77,2023-06-01
GOOGL,122.866848640511,2023-06-01
META,270.953810664809,2023-06-01
MSFT,326.352122483695,2023-06-01
NVDA,39.7392868269279,2023-06-01
AMZN,124.25,2023-06-02
GOOGL,123.810297607602,2023-06-02
META,270.953810664809,2023-06-02
MSFT,329.119315295662,2023-06-02
NVDA,39.2966289424841,2023-06-02
AMZN,125.3,2023-06-05
GOOGL,125.141057203288,2023-06-05
META,269.741222538874,2023-06-05
MSFT,329.649203280932,2023-06-05
NVDA,39.1407494165852,2023-06-05
AMZN,126.61,2023-06-06
GOOGL,126.432092631938,2023-06-06
META,269.472862871659,2023-06-06
MSFT,327.431523935171,2023-06-06
NVDA,38.6241486801124,2023-06-06
AMZN,121.23,2023-06-07
GOOGL,121.655261545931,2023-06-07
META,261.998549177373,2023-06-07
MSFT,317.324401253164,2023-06-07
NVDA,37.4500560972198,2023-06-07
AMZN,124.25,2023-06-08
GOOGL,121.297744042612,2023-06-08
META,262.972595376894,2023-06-08
MSFT,319.169196461142,2023-06-08
NVDA,38.4843671862291,2023-06-08
AMZN,123.43,2023-06-09
GOOGL,121.387123418442,2023-06-09
META,263.340347513448,2023-06-09
MSFT,320.670545752741,2023-06-09
NVDA,38.7441941264633,2023-06-09
AMZN,126.57,2023-06-12
GOOGL,122.78740030644,2023-06-12
META,269.403288143122,2023-06-12
MSFT,325.635792429533,2023-06-12
NVDA,39.4557202089508,2023-06-12
AMZN,126.66,2023-06-13
GOOGL,122.976090099858,2023-06-13
META,269.671647810337,2023-06-13
MSFT,328.030101103717,2023-06-13
NVDA,40.9946951626458,2023-06-13
AMZN,126.42,2023-06-14
GOOGL,122.817193431717,2023-06-14
META,271.689314937917,2023-06-14
MSFT,331.022986946448,2023-06-14
NVDA,42.9683805740403,2023-06-14
AMZN,127.11,2023-06-15
GOOGL,124.227401361473,2023-06-15
META,280.117796337856,2023-06-15
MSFT,341.581495689982,2023-06-15
NVDA,42.6246095454227,2023-06-15
AMZN,125.49,2023-06-16
GOOGL,122.678158847093,2023-06-16
META,279.292838842343,2023-06-16
MSFT,335.919544439964,2023-06-16
NVDA,42.6635835864578,2023-06-16
AMZN,125.78,2023-06-20
GOOGL,122.251124051462,2023-06-20
META,282.602608071329,2023-06-20
MSFT,331.719691519674,2023-06-20
NVDA,43.7788407606939,2023-06-20
AMZN,124.83,2023-06-21
GOOGL,119.718708402955,2023-06-21
META,279.928950646112,2023-06-21
MSFT,327.313771049556,2023-06-21
NVDA,43.016348624545,2023-06-21
AMZN,130.15,2023-06-22
GOOGL,122.300779260256,2023-06-22
META,283.149266652693,2023-06-22
MSFT,333.348606437356,2023-06-22
NVDA,42.9963619368347,2023-06-22
AMZN,129.33,2023-06-23
GOOGL,121.496364877789,2023-06-23
META,286.975876722241,2023-06-23
MSFT,328.746431157879,2023-06-23
NVDA,42.1809050782535,2023-06-23
AMZN,127.33,2023-06-26
GOOGL,117.523948174249,2023-06-26
META,276.778209368069,2023-06-26
MSFT,322.446651777443,2023-06-26
NVDA,40.6049547522944,2023-06-26
AMZN,129.18,2023-06-27
GOOGL,117.51401713249,2023-06-27
META,285.306083237348,2023-06-27
MSFT,328.304857836821,2023-06-27
NVDA,41.8481267278766,2023-06-27
AMZN,129.04,2023-06-28
GOOGL,119.351259857877,2023-06-28
META,283.556775776983,2023-06-28
MSFT,329.560888616721,2023-06-28
NVDA,41.0896319292698,2023-06-28
AMZN,127.9,2023-06-29
GOOGL,118.278707347921,2023-06-29
META,279.81961892984,2023-06-29
MSFT,328.775869379283,2023-06-29
NVDA,40.7948282855425,2023-06-29
AMZN,130.36,2023-06-30
GOOGL,118.874569853452,2023-06-30
META,285.23650850881,2023-06-30
MSFT,334.163063896198,2023-06-30
NVDA,42.2738431761065,2023-06-30
AMZN,130.22,2023-07-03
GOOGL,119.07319068863,2023-07-03
META,284.282340803157,2023-07-03
MSFT,331.660815076866,2023-07-03
NVDA,42.3847692928988,2023-07-03
AMZN,130.38,2023-07-05
GOOGL,120.910433414017,2023-07-05
META,292.581611992956,2023-07-05
MSFT,331.817818924353,2023-07-05
NVDA,42.2888331918893,2023-07-05
AMZN,128.36,2023-07-06
GOOGL,119.281742565565,2023-07-06
META,290.21607122269,2023-07-06
MSFT,334.879393950359,2023-07-06
NVDA,42.0749756333888,2023-07-06
AMZN,129.78,2023-07-07
GOOGL,118.656086934758,2023-07-07
META,288.764941170342,2023-07-07
MSFT,330.905234060832,2023-07-07
NVDA,42.4747093875953,2023-07-07
AMZN,127.13,2023-07-10
GOOGL,115.646981281826,2023-07-10
META,292.313252325741,2023-07-10
MSFT,325.616166948597,2023-07-10
NVDA,42.1519243810735,2023-07-10
AMZN,128.78,2023-07-11
GOOGL,116.332223163186,2023-07-11
META,296.477796791041,2023-07-11
MSFT,326.244182338547,2023-07-11
NVDA,42.3767746178147,2023-07-11
AMZN,130.8,2023-07-12
GOOGL,118.109879638021,2023-07-12
META,307.460664652991,2023-07-12
MSFT,330.885608579896,2023-07-12
NVDA,43.8727781929324,2023-07-12
AMZN,134.3,2023-07-13
GOOGL,123.681194064737,2023-07-13
META,311.505938155085,2023-07-13
MSFT,336.243364875407,2023-07-13
NVDA,45.9463970428786,2023-07-13
AMZN,134.68,2023-07-14
GOOGL,124.555125739516,2023-07-14
META,306.993520047098,2023-07-14
MSFT,338.775051916143,2023-07-14
NVDA,45.4387351750363,2023-07-14
AMZN,133.56,2023-07-17
GOOGL,123.790435524084,2023-07-17
META,308.732888260529,2023-07-17
MSFT,339.255876199073,2023-07-17
NVDA,46.4300748854684,2023-07-17
AMZN,132.83,2023-07-18
GOOGL,122.906572807546,2023-07-18
META,310.154200572076,2023-07-18
MSFT,352.758207082998,2023-07-18
NVDA,47.4623873057066,2023-07-18
AMZN,135.36,2023-07-19
GOOGL,121.188502583265,2023-07-19
META,314.090142357897,2023-07-19
MSFT,348.430788536624,2023-07-19
NVDA,47.0456648669464,2023-07-19
AMZN,129.96,2023-07-20
GOOGL,118.37801776551,2023-07-20
META,300.682098244077,2023-07-20
MSFT,340.374528612422,2023-07-20
NVDA,45.4897012286977,2023-07-20
AMZN,130.0,2023-07-21
GOOGL,119.192363189736,2023-07-21
META,292.472280276683,2023-07-21
MSFT,337.332579067352,2023-07-21
NVDA,44.2795072878375,2023-07-21
AMZN,128.8,2023-07-24
GOOGL,120.691950495322,2023-07-24
META,289.838379839202,2023-07-24
MSFT,338.647486290059,2023-07-24
NVDA,44.5823056066489,2023-07-24
AMZN,129.13,2023-07-25
GOOGL,121.367261334924,2023-07-25
META,292.681004462295,2023-07-25
MSFT,344.407564944757,2023-07-25
NVDA,45.6485953959947,2023-07-25
AMZN,128.15,2023-07-26
GOOGL,128.378576816673,2023-07-26
META,296.75609570519,2023-07-26
MSFT,331.44493478657,2023-07-26
NVDA,45.4217464904825,2023-07-26
AMZN,128.25,2023-07-27
GOOGL,128.507680359538,2023-07-27
META,309.816266176323,2023-07-27
MSFT,324.526952756653,2023-07-27
NVDA,45.8694482951938,2023-07-27
AMZN,132.21,2023-07-28
GOOGL,131.665751638853,2023-07-28
META,323.502609204292,2023-07-28
MSFT,332.033699214649,2023-07-28
NVDA,46.7188825228826,2023-07-28
AMZN,133.68,2023-07-31
GOOGL,131.804786223477,2023-07-31
META,316.664407313774,2023-07-31
MSFT,329.629577799996,2023-07-31
NVDA,46.6978965007867,2023-07-31
AMZN,131.69,2023-08-01
GOOGL,130.642854337692,2023-08-01
META,320.749437803604,2023-08-01
MSFT,330.041712899651,2023-08-01
NVDA,46.4760442672021,2023-08-01
AMZN,128.21,2023-08-02
GOOGL,127.494714100136,2023-08-02
META,312.400470379135,2023-08-02
MSFT,321.367250325967,2023-08-02
NVDA,44.2395339124169,2023-08-02
AMZN,128.91,2023-08-03
GOOGL,127.564231392448,2023-08-03
META,311.287274722539,2023-08-03
MSFT,320.542980126658,2023-08-03
NVDA,44.4853701712539,2023-08-03
AMZN,139.57,2023-08-04
GOOGL,127.226575972647,2023-08-04
META,308.842219976802,2023-08-04
MSFT,321.64200705907,2023-08-04
NVDA,44.650260344864,2023-08-04
AMZN,142.22,2023-08-07
GOOGL,130.622992254174,2023-08-07
META,314.636800939261,2023-08-07
MSFT,323.928375588107,2023-08-07
NVDA,45.3862701197967,2023-08-07
AMZN,139.94,2023-08-08
GOOGL,130.493888711309,2023-08-08
META,310.740616141175,2023-08-08
MSFT,319.944402958111,2023-08-08
NVDA,44.6342709946958,2023-08-08
AMZN,137.85,2023-08-09
GOOGL,128.765887445269,2023-08-09
META,303.355755669294,2023-08-09
MSFT,316.195936099347,2023-08-09
NVDA,42.5256754412566,2023-08-09
AMZN,138.56,2023-08-10
GOOGL,128.795680570545,2023-08-10
META,303.88253575679,2023-08-10
MSFT,316.882827932105,2023-08-10
NVDA,42.3597859332609,2023-08-10
AMZN,138.41,2023-08-11
GOOGL,128.66657702768,2023-08-11
META,299.807444513895,2023-08-11
MSFT,314.998781762255,2023-08-11
NVDA,40.8278063202646,2023-08-11
AMZN,140.57,2023-08-14
GOOGL,130.424371418997,2023-08-14
META,304.329801868815,2023-08-14
MSFT,317.97204212405,2023-08-14
NVDA,43.7238773694905,2023-08-14
AMZN,137.67,2023-08-15
GOOGL,128.885059946375,2023-08-15
META,300.115561168846,2023-08-15
MSFT,315.832864702033,2023-08-15
NVDA,43.9107528995821,2023-08-15
AMZN,135.07,2023-08-16
GOOGL,127.812507436419,2023-08-16
META,292.502098017485,2023-08-16
MSFT,315.067470945531,2023-08-16
NVDA,43.4570550885577,2023-08-16
AMZN,133.98,2023-08-17
GOOGL,129.024094530999,2023-08-17
META,283.357990838305,2023-08-17
MSFT,311.606055534394,2023-08-17
NVDA,43.3146499386216,2023-08-17
AMZN,133.22,2023-08-18
GOOGL,126.581058258321,2023-08-18
META,281.529169402469,2023-08-18
MSFT,311.212712874038,2023-08-18
NVDA,43.2701795584662,2023-08-18
AMZN,134.68,2023-08-21
GOOGL,127.484783058377,2023-08-21
META,288.138768613507,2023-08-21
MSFT,316.52283878885,2023-08-21
NVDA,46.9357380845396,2023-08-21
AMZN,134.25,2023-08-22
GOOGL,128.189887023255,2023-08-22
META,285.852741818712,2023-08-22
MSFT,317.093185646367,2023-08-22
NVDA,45.637602717754,2023-08-22
AMZN,135.52,2023-08-23
GOOGL,131.457199761917,2023-08-23
META,292.452401782815,2023-08-23
MSFT,321.557624841413,2023-08-23
NVDA,47.0846389079815,2023-08-23
AMZN,131.84,2023-08-24
GOOGL,128.885059946375,2023-08-24
META,285.007905829331,2023-08-24
MSFT,314.644627585648,2023-08-24
NVDA,47.1316076241008,2023-08-24
AMZN,133.26,2023-08-25
GOOGL,128.984370363963,2023-08-25
META,283.765499962595,2023-08-25
MSFT,317.60453110483,2023-08-25
NVDA,45.9873697526847,2023-08-25
AMZN,133.14,2023-08-28
GOOGL,130.106578082713,2023-08-28
META,288.496581503127,2023-08-28
MSFT,318.312547893472,2023-08-28
NVDA,46.8038259456515,2023-08-28
AMZN,134.91,2023-08-29
GOOGL,133.642028948865,2023-08-29
META,296.179619383025,2023-08-29
MSFT,322.944157719169,2023-08-29
NVDA,48.7515286630225,2023-08-29
AMZN,135.07,2023-08-30
GOOGL,134.942995419274,2023-08-30
META,293.30717701913,2023-08-30
MSFT,323.317833246508,2023-08-30
NVDA,49.2312091680703,2023-08-30
AMZN,138.01,2023-08-31
GOOGL,135.230995630281,2023-08-31
META,294.092377526907,2023-08-31
MSFT,322.30497589609,2023-08-31
NVDA,49.3221485971523,2023-08-31
AMZN,138.12,2023-09-01
GOOGL,134.724512500579,2023-09-01
META,294.579400626668,2023-09-01
MSFT,323.189996881892,2023-09-01
NVDA,48.4767117070056,2023-09-01
AMZN,137.27,2023-09-05
GOOGL,134.833753959927,2023-09-05
META,298.326496720745,2023-09-05
MSFT,327.99861090475,2023-09-05
NVDA,48.5156857480407,2023-09-05
AMZN,135.36,2023-09-06
GOOGL,133.532787489517,2023-09-06
META,297.352450521224,2023-09-06
MSFT,327.339761948653,2023-09-06
NVDA,47.0336728543202,2023-09-06
AMZN,137.85,2023-09-07
GOOGL,134.327270830225,2023-09-07
META,296.855488174529,2023-09-07
MSFT,324.419192695506,2023-09-07
NVDA,46.2141490078116,2023-09-07
AMZN,138.23,2023-09-08
GOOGL,135.439547507217,2023-09-08
META,296.080226913686,2023-09-08
MSFT,328.706627693392,2023-09-08
NVDA,45.5455374793795,2023-09-08
AMZN,143.1,2023-09-11
GOOGL,135.975823762195,2023-09-11
META,305.691478698759,2023-09-11
MSFT,332.315546602162,2023-09-11
NVDA,45.1517662653254,2023-09-11
AMZN,141.23,2023-09-12
GOOGL,134.406719164296,2023-09-12
META,299.827323007763,2023-09-12
MSFT,326.248236066164,2023-09-12
NVDA,44.8439451132221,2023-09-12
AMZN,144.85,2023-09-13
GOOGL,135.767271885259,2023-09-13
META,303.206666965286,2023-09-13
MSFT,330.466836098487,2023-09-13
NVDA,45.4585879981036,2023-09-13
AMZN,144.72,2023-09-14
GOOGL,137.147686689739,2023-09-14
META,309.826205423257,2023-09-14
MSFT,333.06289765684,2023-09-14
NVDA,45.5545322533046,2023-09-14
AMZN,140.39,2023-09-15
GOOGL,136.45251376662,2023-09-15
META,298.485524671687,2023-09-15
MSFT,324.724033257282,2023-09-15
NVDA,43.8745083679619,2023-09-15
AMZN,139.98,2023-09-18
GOOGL,137.256928149087,2023-09-18
META,300.711915984879,2023-09-18
MSFT,323.583339542249,2023-09-18
NVDA,43.9404700434126,2023-09-18
AMZN,137.63,2023-09-19
GOOGL,137.088100439186,2023-09-19
META,303.21660621222,2023-09-19
MSFT,323.180163315383,2023-09-19
NVDA,43.4947290244579,2023-09-19
AMZN,135.29,2023-09-20
GOOGL,132.81775248288,2023-09-20
META,297.849412867918,2023-09-20
MSFT,315.431312906361,2023-09-20
NVDA,42.2144728691195,2023-09-20
AMZN,129.33,2023-09-21
GOOGL,129.540508702459,2023-09-21
META,293.933349575965,2023-09-21
MSFT,314.211950659256,2023-09-21
NVDA,40.9931824539566,2023-09-21
AMZN,129.12,2023-09-22
GOOGL,129.351818909041,2023-09-22
META,297.262997298819,2023-09-22
MSFT,311.73389189901,2023-09-22
NVDA,41.5858381136878,2023-09-22
AMZN,131.27,2023-09-25
GOOGL,130.205888500302,2023-09-25
META,299.00236551225,2023-09-25
MSFT,312.255070923982,2023-09-25
NVDA,42.1974827405943,2023-09-25
AMZN,125.98,2023-09-26
GOOGL,127.678438372674,2023-09-26
META,297.143726335612,2023-09-26
MSFT,306.94494500917,2023-09-26
NVDA,41.886663330516,2023-09-26
AMZN,125.98,2023-09-27
GOOGL,129.639819120047,2023-09-27
META,295.931138209677,2023-09-27
MSFT,307.584126832249,2023-09-27
NVDA,42.4433398945469,2023-09-27
AMZN,125.98,2023-09-28
GOOGL,131.397613511364,2023-09-28
META,302.113349802558,2023-09-28
MSFT,308.419979985507,2023-09-28
NVDA,43.0639792953784,2023-09-28
AMZN,127.12,2023-09-29
GOOGL,129.957612456331,2023-09-29
META,298.386132202348,2023-09-29
MSFT,310.494862518887,2023-09-29
NVDA,43.4737412186327,2023-09-29
AMZN,129.46,2023-10-02
GOOGL,133.244787278511,2023-10-02
META,304.955974425651,2023-10-02
MSFT,316.444170256779,2023-10-02
NVDA,44.7559962126212,2023-10-02
AMZN,124.72,2023-10-03
GOOGL,131.51678601247,2023-10-03
META,299.111697228523,2023-10-03
MSFT,308.174140822784,2023-10-03
NVDA,43.4917307664829,2023-10-03
AMZN,127.0,2023-10-04
GOOGL,134.307408746708,2023-10-04
META,303.723507805848,2023-10-04
MSFT,313.646520584993,2023-10-04
NVDA,44.0154264927884,2023-10-04
AMZN,125.96,2023-10-05
GOOGL,134.138581036807,2023-10-05
META,302.938307298071,2023-10-05
MSFT,314.044780028604,2023-10-05
NVDA,44.6620507960702,2023-10-05
AMZN,127.96,2023-10-06
GOOGL,136.631272518279,2023-10-06
META,313.513666035731,2023-10-06
MSFT,321.813297570645,2023-10-06
NVDA,45.7354271511315,2023-10-06
AMZN,128.26,2023-10-09
GOOGL,137.465480026022,2023-10-09
META,316.425865387361,2023-10-09
MSFT,324.330690596926,2023-10-09
NVDA,45.2467111012014,2023-10-09
AMZN,129.48,2023-10-10
GOOGL,137.107962522704,2023-10-10
META,319.884723320355,2023-10-10
MSFT,322.924490586152,2023-10-10
NVDA,45.7714062468319,2023-10-10
AMZN,131.83,2023-10-11
GOOGL,139.580791920658,2023-10-11
META,325.828392986822,2023-10-11
MSFT,326.887417889243,2023-10-11
NVDA,46.7788209264425,2023-10-11
AMZN,132.33,2023-10-12
GOOGL,138.011687322759,2023-10-12
META,322.190628609018,2023-10-12
MSFT,325.64838850912,2023-10-12
NVDA,46.917740212619,2023-10-12
AMZN,129.79,2023-10-13
GOOGL,136.412789599584,2023-10-13
META,312.778161762623,2023-10-13
MSFT,322.275475196563,2023-10-13
NVDA,45.4346019343034,2023-10-13
AMZN,132.55,2023-10-16
GOOGL,138.135825344745,2023-10-16
META,319.198915281917,2023-10-16
MSFT,327.103756352439,2023-10-16
NVDA,46.06823378636,2023-10-16
AMZN,131.47,2023-10-17
GOOGL,138.756515454673,2023-10-17
META,322.031600658076,2023-10-17
MSFT,326.533409494922,2023-10-17
NVDA,43.9124863023123,2023-10-17
AMZN,128.13,2023-10-18
GOOGL,137.008652105115,2023-10-18
META,315.04431006355,2023-10-18
MSFT,324.615864025684,2023-10-18
NVDA,42.171497838144,2023-10-18
AMZN,128.4,2023-10-19
GOOGL,136.800100228179,2023-10-19
META,310.909583339051,2023-10-19
MSFT,325.805725573263,2023-10-19
NVDA,42.076553002268,2023-10-19
AMZN,125.17,2023-10-20
GOOGL,134.664926250026,2023-10-20
META,306.774856614553,2023-10-20
MSFT,321.233117146619,2023-10-20
NVDA,41.3629676042105,2023-10-20
AMZN,126.56,2023-10-23
GOOGL,135.558720008323,2023-10-23
META,312.102292971118,2023-10-23
MSFT,323.83901227148,2023-10-23
NVDA,42.9500454923272,2023-10-23
AMZN,128.56,2023-10-24
GOOGL,137.852790654618,2023-10-24
META,310.65116291877,2023-10-24
MSFT,325.028873819059,2023-10-24
NVDA,43.6376459879344,2023-10-24
AMZN,121.39,2023-10-25
GOOGL,124.743815532934,2023-10-25
META,297.710263410844,2023-10-25
MSFT,335.000110259095,2023-10-25
NVDA,41.7547399796146,2023-10-25
AMZN,119.57,2023-10-26
GOOGL,121.436778627236,2023-10-26
META,286.598185338754,2023-10-26
MSFT,322.432812260706,2023-10-26
NVDA,40.3025837003743,2023-10-26
AMZN,127.74,2023-10-27
GOOGL,121.327537167889,2023-10-27
META,294.927274269354,2023-10-27
MSFT,324.320857030417,2023-10-27
NVDA,40.4764826629262,2023-10-27
AMZN,132.71,2023-10-30
GOOGL,123.601745730666,2023-10-30
META,300.821247701152,2023-10-30
MSFT,331.696031912101,2023-10-30
NVDA,41.1370988367581,2023-10-30
AMZN,133.09,2023-10-31
GOOGL,123.224366143829,2023-10-31
META,299.439692377341,2023-10-31
MSFT,332.482717232814,2023-10-31
NVDA,40.7563200739291,2023-10-31
AMZN,137.0,2023-11-01
GOOGL,125.578023040677,2023-11-01
META,309.955415633398,2023-11-01
MSFT,340.310236173907,2023-11-01
NVDA,42.3004229310704,2023-11-01
AMZN,138.07,2023-11-02
GOOGL,126.610851383598,2023-11-02
META,308.981369433877,2023-11-02
MSFT,342.522788638413,2023-11-02
NVDA,43.4807371539078,2023-11-02
AMZN,138.6,2023-11-03
GOOGL,128.209749106773,2023-11-03
META,312.688708540218,2023-11-03
MSFT,346.928226434405,2023-11-03
NVDA,44.9788667220986,2023-11-03
AMZN,139.74,2023-11-06
GOOGL,129.351818909041,2023-11-06
META,313.881418172285,2023-11-06
MSFT,350.596146742229,2023-11-06
NVDA,45.7244335385564,2023-11-06
AMZN,142.71,2023-11-07
GOOGL,130.066853915678,2023-11-07
META,316.88307074632,2023-11-07
MSFT,354.529573345794,2023-11-07
NVDA,45.9283150808586,2023-11-07
AMZN,142.08,2023-11-08
GOOGL,130.930854548698,2023-11-08
META,317.837238451974,2023-11-08
MSFT,357.155135603673,2023-11-08
NVDA,46.5469556430401,2023-11-08
AMZN,140.6,2023-11-09
GOOGL,129.341887867282,2023-11-09
META,318.602560465883,2023-11-09
MSFT,354.686910409936,2023-11-09
NVDA,46.922737309244,2023-11-09
AMZN,143.56,2023-11-10
GOOGL,131.675682680612,2023-11-10
META,326.772621445542,2023-11-10
MSFT,363.517453134939,2023-11-10
NVDA,48.3069330743836,2023-11-10
AMZN,142.59,2023-11-13
GOOGL,131.179130592669,2023-11-13
META,327.190069816765,2023-11-13
MSFT,360.577216748775,2023-11-13
NVDA,48.5917675820116,2023-11-13
AMZN,145.8,2023-11-14
GOOGL,132.698579981774,2023-11-14
META,334.266813633696,2023-11-14
MSFT,364.107467125474,2023-11-14
NVDA,49.6271660027225,2023-11-14
AMZN,143.2,2023-11-15
GOOGL,133.691684157659,2023-11-15
META,330.688684737495,2023-11-15
MSFT,364.254970623108,2023-11-15
NVDA,48.8596119611144,2023-11-15
AMZN,142.83,2023-11-16
GOOGL,135.985754803954,2023-11-16
META,332.159693283711,2023-11-16
MSFT,370.659756808219,2023-11-16
NVDA,49.4512682015206,2023-11-16
AMZN,145.18,2023-11-17
GOOGL,134.37692603902,2023-11-17
META,333.004529273092,2023-11-17
MSFT,364.432333932849,2023-11-17
NVDA,49.2693738843687,2023-11-17
AMZN,146.13,2023-11-20
GOOGL,135.310443964352,2023-11-20
META,337.9045780115,2023-11-20
MSFT,371.911153493618,2023-11-20
NVDA,50.3797287544554,2023-11-20
AMZN,143.9,2023-11-21
GOOGL,136.025478970989,2023-11-21
META,334.932743178267,2023-11-21
MSFT,367.605166473781,2023-11-21
NVDA,49.9149987683255,2023-11-21
AMZN,146.71,2023-11-22
GOOGL,137.534997318334,2023-11-22
META,339.415343545451,2023-11-22
MSFT,372.31514769914,2023-11-22
NVDA,48.6877118372126,2023-11-22
AMZN,146.74,2023-11-24
GOOGL,135.747409801741,2023-11-24
META,336.175149045003,2023-11-24
MSFT,371.90129997641,2023-11-24
NVDA,47.7482576717027,2023-11-24
AMZN,147.73,2023-11-27
GOOGL,135.469340632493,2023-11-27
META,332.666594877339,2023-11-27
MSFT,373.064015006938,2023-11-27
NVDA,48.2139870771576,2023-11-27
AMZN,147.03,2023-11-28
GOOGL,136.253892931443,2023-11-28
META,336.930531811979,2023-11-28
MSFT,377.094103544954,2023-11-28
NVDA,47.7932315413282,2023-11-28
AMZN,146.32,2023-11-29
GOOGL,134.059132702736,2023-11-29
META,330.181783143866,2023-11-29
MSFT,373.300499419927,2023-11-29
NVDA,48.1120463060065,2023-11-29
AMZN,146.09,2023-11-30
GOOGL,131.616096430059,2023-11-30
META,325.162463442251,2023-11-30
MSFT,373.359620523174,2023-11-30
NVDA,46.7428418307421,2023-11-30
AMZN,147.03,2023-12-01
GOOGL,130.950716632216,2023-12-01
META,322.846618906655,2023-12-01
MSFT,369.024072951714,2023-12-01
NVDA,46.7378447341171,2023-12-01
AMZN,144.84,2023-12-04
GOOGL,128.378576816673,2023-12-04
META,318.075780378387,2023-12-04
MSFT,363.732734211091,2023-12-04
NVDA,45.4835734812289,2023-12-04
AMZN,146.88,2023-12-05
GOOGL,130.086715999196,2023-12-05
META,316.356290658824,2023-12-05
MSFT,367.063223027349,2023-12-05
NVDA,46.54295796574,2023-12-05
AMZN,144.52,2023-12-06
GOOGL,129.123404948587,2023-12-06
META,315.521393916377,2023-12-06
MSFT,363.397714626023,2023-12-06
NVDA,45.4804839650189,2023-12-06
AMZN,146.88,2023-12-07
GOOGL,135.985754803954,2023-12-07
META,324.605865613954,2023-12-07
MSFT,365.516220825714,2023-12-07
NVDA,46.5729431209814,2023-12-07
AMZN,147.42,2023-12-08
GOOGL,134.059132702736,2023-12-08
META,330.728441725231,2023-12-08
MSFT,368.748174469893,2023-12-08
NVDA,47.4824928299713,2023-12-08
AMZN,145.89,2023-12-11
GOOGL,132.370855603732,2023-12-11
META,323.303824265614,2023-12-11
MSFT,365.861093927989,2023-12-11
NVDA,46.6039277813976,2023-12-11
AMZN,147.48,2023-12-12
GOOGL,131.6061653883,2023-12-12
META,332.189511024513,2023-12-12
MSFT,368.895977228011,2023-12-12
NVDA,47.6334181113532,2023-12-12
AMZN,148.84,2023-12-13
GOOGL,131.655820597094,2023-12-13
META,332.706351865075,2023-12-13
MSFT,368.886123710804,2023-12-13
NVDA,48.064204841655,2023-12-13
AMZN,147.42,2023-12-14
GOOGL,131.030164966287,2023-12-14
META,331.145890096454,2023-12-14
MSFT,360.569755187366,2023-12-14
NVDA,48.3260751974301,2023-12-14
AMZN,149.97,2023-12-15
GOOGL,131.685613722371,2023-12-15
META,332.885258309885,2023-12-15
MSFT,365.299443447141,2023-12-15
NVDA,48.8658079917758,2023-12-15
AMZN,154.07,2023-12-18
GOOGL,134.863547085203,2023-12-18
META,342.526327835759,2023-12-18
MSFT,367.191318751051,2023-12-18
NVDA,50.0522206341615,2023-12-18
AMZN,153.79,2023-12-19
GOOGL,135.707685634706,2023-12-19
META,348.231455575813,2023-12-19
MSFT,367.792383300731,2023-12-19
NVDA,49.5794546865217,2023-12-19
AMZN,152.12,2023-12-20
GOOGL,137.386031691952,2023-12-20
META,347.158016906953,2023-12-20
MSFT,365.191054757855,2023-12-20
NVDA,48.0871934606734,2023-12-20
AMZN,153.84,2023-12-21
GOOGL,139.451688377793,2023-12-21
META,351.938794682154,2023-12-21
MSFT,368.068281782551,2023-12-21
NVDA,48.9657585092472,2023-12-21
AMZN,153.42,2023-12-22
GOOGL,140.51430984599,2023-12-22
META,351.243047396782,2023-12-22
MSFT,369.093047572169,2023-12-22
NVDA,48.8058376812929,2023-12-22
AMZN,153.41,2023-12-26
GOOGL,140.544102971266,2023-12-26
META,352.674298955262,2023-12-26
MSFT,369.171875709832,2023-12-26
NVDA,49.2546155047396,2023-12-26
AMZN,153.34,2023-12-27
GOOGL,139.402033168999,2023-12-27
META,355.65607303543,2023-12-27
MSFT,368.590518194568,2023-12-27
NVDA,49.3925472188501,2023-12-27
AMZN,153.38,2023-12-28
GOOGL,139.262998584375,2023-12-28
META,356.14309613519,2023-12-28
MSFT,369.782793776719,2023-12-28
NVDA,49.4974952621951,2023-12-28
AMZN,151.94,2023-12-29
GOOGL,138.726722329397,2023-12-29
META,351.809584472014,2023-12-29
MSFT,370.531661084517,2023-12-29
NVDA,49.4974952621951,2023-12-29
AMZN,149.93,2024-01-02
GOOGL,137.217203982051,2024-01-02
META,344.186182073719,2024-01-02
MSFT,365.437392688051,2024-01-02
NVDA,48.1441652556321,2024-01-02
AMZN,148.47,2024-01-03
GOOGL,137.962032113965,2024-01-03
META,342.377239131751,2024-01-03
MSFT,365.171347723439,2024-01-03
NVDA,47.5454616559783,2024-01-03
AMZN,144.57,2024-01-04
GOOGL,135.449478548976,2024-01-04
META,345.011139569232,2024-01-04
MSFT,362.550312146147,2024-01-04
NVDA,47.9742493759307,2024-01-04
AMZN,145.24,2024-01-05
GOOGL,134.794029792891,2024-01-05
META,349.811795838302,2024-01-05
MSFT,362.363095319198,2024-01-05
NVDA,49.0727055629416,2024-01-05
AMZN,149.1,2024-01-08
GOOGL,137.882583779894,2024-01-08
META,356.481030530943,2024-01-08
MSFT,369.201436261455,2024-01-08
NVDA,52.2271438943395,2024-01-08
AMZN,151.37,2024-01-09
GOOGL,139.978033591012,2024-01-09
META,355.258503158074,2024-01-09
MSFT,370.28532315432,2024-01-09
NVDA,53.113704984311,2024-01-09
AMZN,153.73,2024-01-10
GOOGL,141.298862144939,2024-01-10
META,368.219281159868,2024-01-10
MSFT,377.163078165409,2024-01-10
NVDA,54.3231062457151,2024-01-10
AMZN,155.18,2024-01-11
GOOGL,141.100241309762,2024-01-11
META,367.424141405157,2024-01-11
MSFT,378.995832366072,2024-01-11
NVDA,54.7948726881802,2024-01-11
AMZN,154.62,2024-01-12
GOOGL,141.666310690017,2024-01-12
META,372.214858427293,2024-01-12
MSFT,382.779582973892,2024-01-12
NVDA,54.6829281086122,2024-01-12
AMZN,153.16,2024-01-16
GOOGL,141.507414021875,2024-01-16
META,365.227567832767,2024-01-16
MSFT,384.553216071307,2024-01-16
NVDA,56.3541007607343,2024-01-16
AMZN,151.71,2024-01-17
GOOGL,140.494447762472,2024-01-17
META,366.132039303751,2024-01-17
MSFT,383.764934694678,2024-01-17
NVDA,56.0252635582534,2024-01-17
AMZN,153.5,2024-01-18
GOOGL,142.490587156001,2024-01-18
META,373.844894924451,2024-01-18
MSFT,388.100482266138,2024-01-18
NVDA,57.0787420124021,2024-01-18
AMZN,155.34,2024-01-19
GOOGL,145.370589266068,2024-01-19
META,381.120423680059,2024-01-19
MSFT,392.830170525913,2024-01-19
NVDA,59.4615623489207,2024-01-19
AMZN,154.78,2024-01-22
GOOGL,144.983278637473,2024-01-22
META,379.460569442099,2024-01-22
MSFT,390.701810809014,2024-01-22
NVDA,59.6244816923991,2024-01-22
AMZN,156.02,2024-01-23
GOOGL,146.026038022152,2024-01-23
META,382.85979189349,2024-01-23
MSFT,393.056801421694,2024-01-23
NVDA,59.8433733256615,2024-01-23
AMZN,156.87,2024-01-24
GOOGL,147.674590954122,2024-01-24
META,388.32637770713,2024-01-24
MSFT,396.663188719772,2024-01-24
NVDA,61.3316365308109,2024-01-24
AMZN,157.75,2024-01-25
GOOGL,150.822731191678,2024-01-25
META,390.791310946735,2024-01-25
MSFT,398.939351194789,2024-01-25
NVDA,61.586510350363,2024-01-25
AMZN,159.12,2024-01-26
GOOGL,151.135559007082,2024-01-26
META,391.745478652389,2024-01-26
MSFT,398.013120577249,2024-01-26
NVDA,61.0008003179805,2024-01-26
AMZN,161.26,2024-01-29
GOOGL,152.451422040129,2024-01-29
META,398.583680542906,2024-01-29
MSFT,403.718307040603,2024-01-29
NVDA,62.4340907385206,2024-01-29
AMZN,159.0,2024-01-30
GOOGL,150.415558479565,2024-01-30
META,397.629512837252,2024-01-30
MSFT,402.604859596114,2024-01-30
NVDA,62.7429378375073,2024-01-30
AMZN,155.2,2024-01-31
GOOGL,139.13389504151,2024-01-31
META,387.769779878832,2024-01-31
MSFT,391.756137150256,2024-01-31
NVDA,61.4965548846387,2024-01-31
AMZN,159.28,2024-02-01
GOOGL,140.186585467948,2024-02-01
META,392.381590456158,2024-02-01
MSFT,397.865317819131,2024-02-01
NVDA,62.99581264671,2024-02-01
AMZN,171.81,2024-02-02
GOOGL,141.398172562528,2024-02-02
META,472.104290112899,2024-02-02
MSFT,405.196334621782,2024-02-02
NVDA,66.1272623590895,2024-02-02
AMZN,170.31,2024-02-05
GOOGL,142.689207991178,2024-02-05
META,456.618943389897,2024-02-05
MSFT,399.707925537002,2024-02-05
NVDA,69.2976927732828,2024-02-05
AMZN,169.15,2024-02-06
GOOGL,143.10631174505,2024-02-06
META,451.957436577902,2024-02-06
MSFT,399.550269261676,2024-02-06
NVDA,68.1892415345248,2024-02-06
AMZN,170.53,2024-02-07
GOOGL,144.536381758325,2024-02-07
META,466.737096768598,2024-02-07
MSFT,407.984879991608,2024-02-07
NVDA,70.0643132422886,2024-02-07
AMZN,169.84,2024-02-08
GOOGL,144.903830303402,2024-02-08
META,467.144605892888,2024-02-08
MSFT,408.044001094855,2024-02-08
NVDA,69.6065398722695,2024-02-08
AMZN,174.45,2024-02-09
GOOGL,147.972522206887,2024-02-09
META,465.266088222382,2024-02-09
MSFT,414.389666176719,2024-02-09
NVDA,72.0973067676572,2024-02-09
AMZN,172.34,2024-02-12
GOOGL,146.512659068336,2024-02-12
META,466.05128873016,2024-02-12
MSFT,409.177155573759,2024-02-12
NVDA,72.2122498627493,2024-02-12
AMZN,168.64,2024-02-13
GOOGL,144.139140087971,2024-02-13
META,457.324629922203,2024-02-13
MSFT,400.368111189929,2024-02-13
NVDA,72.0923092417836,2024-02-13
AMZN,170.98,2024-02-14
GOOGL,144.933623428679,2024-02-14
META,470.404678887204,2024-02-14
MSFT,404.230689935412,2024-02-14
NVDA,73.8634324113771,2024-02-14
AMZN,169.8,2024-02-15
GOOGL,141.785483191123,2024-02-15
META,481.089369341137,2024-02-15
MSFT,401.338321571078,2024-02-15
NVDA,72.6220469843822,2024-02-15
AMZN,169.51,2024-02-16
GOOGL,139.550998795381,2024-02-16
META,470.444435874939,2024-02-16
MSFT,398.870430475231,2024-02-16
NVDA,72.57706925152,2024-02-16
AMZN,167.08,2024-02-20
GOOGL,140.146861300912,2024-02-20
META,468.883974106319,2024-02-20
MSFT,397.616741798541,2024-02-20
NVDA,69.4176333942485,2024-02-20
AMZN,168.59,2024-02-21
GOOGL,141.567000272428,2024-02-21
META,465.683536593606,2024-02-21
MSFT,397.014576371154,2024-02-21
NVDA,67.4386131483145,2024-02-21
AMZN,174.58,2024-02-22
GOOGL,143.096380703291,2024-02-22
META,483.692792436915,2024-02-22
MSFT,406.362947842224,2024-02-22
NVDA,78.4991374117015,2024-02-22
AMZN,174.99,2024-02-23
GOOGL,142.967277160426,2024-02-23
META,481.603320764487,2024-02-23
MSFT,405.069772908,2024-02-23
NVDA,78.7779993554467,2024-02-23
AMZN,174.73,2024-02-26
GOOGL,136.62134147652,2024-02-26
META,479.32480165503,2024-02-26
MSFT,402.305734880651,2024-02-26
NVDA,79.0528632784931,2024-02-26
AMZN,173.54,2024-02-27
GOOGL,137.92230794693,2024-02-27
META,484.608180026741,2024-02-27
MSFT,402.24650549435,2024-02-27
NVDA,78.6620567551799,2024-02-27
AMZN,173.16,2024-02-28
GOOGL,135.439547507217,2024-02-28
META,481.59337089938,2024-02-28
MSFT,402.483423039552,2024-02-28
NVDA,77.6245703838266,2024-02-28
AMZN,176.76,2024-02-29
GOOGL,137.505204193058,2024-02-29
META,487.672738479636,2024-02-29
MSFT,408.327389154518,2024-02-29
NVDA,79.0728533819874,2024-02-29
AMZN,178.22,2024-03-01
GOOGL,136.194306680889,2024-03-01
META,499.781724314612,2024-03-01
MSFT,410.163500129829,2024-03-01
NVDA,82.2382862703072,2024-03-01
AMZN,177.58,2024-03-04
GOOGL,132.430441854285,2024-03-04
META,495.692329755717,2024-03-04
MSFT,409.590949395592,2024-03-04
NVDA,85.1948225771117,2024-03-04
AMZN,174.12,2024-03-05
GOOGL,131.755131014683,2024-03-05
META,487.762287265597,2024-03-05
MSFT,397.478539897173,2024-03-05
NVDA,85.9254608598277,2024-03-05
AMZN,173.51,2024-03-06
GOOGL,130.493888711309,2024-03-06
META,493.602858083289,2024-03-06
MSFT,396.925732291703,2024-03-06
NVDA,88.6602342639561,2024-03-06
AMZN,176.82,2024-03-07
GOOGL,133.453339155446,2024-03-07
META,509.622140905239,2024-03-07
MSFT,403.885185181993,2024-03-07
NVDA,92.6274548929712,2024-03-07
AMZN,175.35,2024-03-08
GOOGL,134.476236456608,2024-03-08
META,503.413425078595,2024-03-08
MSFT,401.002688382043,2024-03-08
NVDA,87.4887596917198,2024-03-08
AMZN,171.96,2024-03-11
GOOGL,136.720651894109,2024-03-11
META,481.165526699788,2024-03-11
MSFT,399.324522436867,2024-03-11
NVDA,85.7355460400966,2024-03-11
AMZN,175.39,2024-03-12
GOOGL,137.544928360093,2024-03-12
META,497.244508712378,2024-03-12
MSFT,409.946325713394,2024-03-12
NVDA,91.8717938207778,2024-03-12
AMZN,176.555,2024-03-13
GOOGL,138.826032746985,2024-03-13
META,493.085465097735,2024-03-13
MSFT,409.768637554493,2024-03-13
NVDA,90.8472533459125,2024-03-13
AMZN,178.75,2024-03-14
GOOGL,142.113207569165,2024-03-14
META,489.364215547792,2024-03-14
MSFT,419.758660710483,2024-03-14
NVDA,87.9045731917627,2024-03-14
AMZN,174.42,2024-03-15
GOOGL,140.206447551466,2024-03-15
META,481.672969820235,2024-03-15
MSFT,411.0716840531,2024-03-15
NVDA,87.7971213858622,2024-03-15
AMZN,174.48,2024-03-18
GOOGL,146.661624694719,2024-03-18
META,494.488396077794,2024-03-18
MSFT,411.960124847605,2024-03-18
NVDA,88.4153441016712,2024-03-18
AMZN,175.9,2024-03-19
GOOGL,146.016106980394,2024-03-19
META,493.752106059891,2024-03-19
MSFT,415.997594680412,2024-03-19
NVDA,89.3579213385473,2024-03-19
AMZN,178.15,2024-03-20
GOOGL,147.714315121157,2024-03-20
META,502.985580879002,2024-03-20
MSFT,419.768532274867,2024-03-20
NVDA,90.3314846775901,2024-03-20
AMZN,178.15,2024-03-21
GOOGL,146.582176360648,2024-03-21
META,505.214350662926,2024-03-21
MSFT,423.85535992959,2024-03-21
NVDA,91.3940081164016,2024-03-21
AMZN,178.87,2024-03-22
GOOGL,149.730316598204,2024-03-22
META,507.025226112364,2024-03-22
MSFT,423.233451373436,2024-03-22
NVDA,94.2467286190998,2024-03-22
AMZN,179.71,2024-03-25
GOOGL,149.035143675084,2024-03-25
META,500.498114602302,2024-03-25
MSFT,417.428971516003,2024-03-25
NVDA,94.959408968933,2024-03-25
AMZN,178.3,2024-03-26
GOOGL,149.631006180616,2024-03-26
META,493.403860781153,2024-03-26
MSFT,416.234512225613,2024-03-26
NVDA,92.5195033112293,2024-03-26
AMZN,179.83,2024-03-27
GOOGL,149.829627015793,2024-03-27
META,491.384038164472,2024-03-27
MSFT,416.017337809179,2024-03-27
NVDA,90.209539372289,2024-03-27
AMZN,180.38,2024-03-28
GOOGL,149.889213266346,2024-03-28
META,483.145549856041,2024-03-28
MSFT,415.316456737958,2024-03-28
NVDA,90.3154918506653,2024-03-28
AMZN,180.97,2024-04-01
GOOGL,154.417768308382,2024-04-01
META,488.886622022665,2024-04-01
MSFT,419.117009025563,2024-04-01
NVDA,90.3224887124449,2024-04-01
AMZN,180.69,2024-04-02
GOOGL,153.494181424809,2024-04-02
META,494.87644081696,2024-04-02
MSFT,416.027209373562,2024-04-02
NVDA,89.4118971294182,2024-04-02
AMZN,182.41,2024-04-03
GOOGL,153.851698928127,2024-04-03
META,504.199464422032,2024-04-03
MSFT,415.049924499606,2024-04-03
NVDA,88.9241159082141,2024-04-03
AMZN,180.0,2024-04-04
GOOGL,149.491971595992,2024-04-04
META,508.358508036675,2024-04-04
MSFT,412.512932453075,2024-04-04
NVDA,85.8664873105428,2024-04-04
AMZN,185.07,2024-04-05
GOOGL,151.448386822485,2024-04-05
META,524.696186542042,2024-04-05
MSFT,420.054807641985,2024-04-05
NVDA,87.9685444994616,2024-04-05
AMZN,185.19,2024-04-08
GOOGL,153.782181635816,2024-04-08
META,516.64674567064,2024-04-08
MSFT,419.13675215433,2024-04-08
NVDA,87.0939367770156,2024-04-08
AMZN,185.67,2024-04-09
GOOGL,155.520113943615,2024-04-09
META,514.308527370542,2024-04-09
MSFT,420.805046535122,2024-04-09
NVDA,85.3157343333225,2024-04-09
AMZN,185.95,2024-04-10
GOOGL,155.063286022707,2024-04-10
META,517.223837846835,2024-04-10
MSFT,417.823834091339,2024-04-10
NVDA,86.9999789188328,2024-04-10
AMZN,189.05,2024-04-11
GOOGL,158.310736677852,2024-04-11
META,520.537142927399,2024-04-11
MSFT,422.433854658382,2024-04-11
NVDA,90.5753752881921,2024-04-11
AMZN,186.13,2024-04-12
GOOGL,156.642321662365,2024-04-12
META,509.333594817141,2024-04-12
MSFT,416.481301335198,2024-04-12
NVDA,88.1464646989992,2024-04-12
AMZN,183.62,2024-04-15
GOOGL,153.792112677574,2024-04-15
META,497.722102237505,2024-04-15
MSFT,408.327389154518,2024-04-15
NVDA,85.9624442720912,2024-04-15
AMZN,183.32,2024-04-16
GOOGL,153.335284756667,2024-04-16
META,497.254458577485,2024-04-16
MSFT,409.255316206557,2024-04-16
NVDA,87.3758103515639,2024-04-16
AMZN,181.28,2024-04-17
GOOGL,154.397906224864,2024-04-17
META,491.692483982783,2024-04-17
MSFT,406.550507565508,2024-04-17
NVDA,83.9973256637153,2024-04-17
AMZN,179.22,2024-04-18
GOOGL,154.934182479842,2024-04-18
META,499.284231059272,2024-04-18
MSFT,399.077733327282,2024-04-18
NVDA,84.6330405339732,2024-04-18
AMZN,174.63,2024-04-19
GOOGL,153.027422462143,2024-04-19
META,478.658160692874,2024-04-19
MSFT,393.993877669837,2024-04-19
NVDA,76.165838229013,2024-04-19
AMZN,177.23,2024-04-22
GOOGL,155.202320607331,2024-04-22
META,479.314851789923,2024-04-22
MSFT,395.81024551638,2024-04-22
NVDA,79.4823507125283,2024-04-22
AMZN,179.54,2024-04-23
GOOGL,157.168666875584,2024-04-23
META,493.612807948396,2024-04-23
MSFT,402.335349573801,2024-04-23
NVDA,82.3860483510491,2024-04-23
AMZN,176.59,2024-04-24
GOOGL,158.032667508604,2024-04-24
META,491.025843020628,2024-04-24
MSFT,403.806212666926,2024-04-24
NVDA,79.6412794300928,2024-04-24
AMZN,173.67,2024-04-25
GOOGL,154.924251438083,2024-04-25
META,439.167146083981,2024-04-25
MSFT,393.91490515477,2024-04-25
NVDA,82.5949546527533,2024-04-25
AMZN,179.62,2024-04-26
GOOGL,170.764263043452,2024-04-26
META,441.06757031938,2024-04-26
MSFT,401.101404025877,2024-04-26
NVDA,87.6956668900585,2024-04-26
AMZN,180.96,2024-04-29
GOOGL,165.004258823318,2024-04-29
META,430.451064250423,2024-04-29
MSFT,397.083677321838,2024-04-29
NVDA,87.71765702708,2024-04-29
AMZN,175.0,2024-04-30
GOOGL,161.657497750585,2024-04-30
META,428.013347299257,2024-04-30
MSFT,384.329616138499,2024-04-30
NVDA,86.3632644968921,2024-04-30
AMZN,179.0,2024-05-01
GOOGL,162.730050260541,2024-05-01
META,436.988125625592,2024-05-01
MSFT,389.86756375758,2024-05-01
NVDA,83.0037712910166,2024-05-01
AMZN,184.72,2024-05-02
GOOGL,165.471017785984,2024-05-02
META,439.465642037185,2024-05-02
MSFT,392.730317428763,2024-05-02
NVDA,85.7785267624568,2024-05-02
AMZN,186.21,2024-05-03
GOOGL,166.086742375033,2024-05-03
META,449.694103366976,2024-05-03
MSFT,401.437037214912,2024-05-03
NVDA,88.7491943637249,2024-05-03
AMZN,188.7,2024-05-06
GOOGL,166.940811966294,2024-05-06
META,463.345318293507,2024-05-06
MSFT,408.228673510684,2024-05-06
NVDA,92.0986920527724,2024-05-06
AMZN,188.76,2024-05-07
GOOGL,170.069090120332,2024-05-07
META,465.892483760848,2024-05-07
MSFT,404.082616469661,2024-05-07
NVDA,90.5134030838588,2024-05-07
AMZN,188.0,2024-05-08
GOOGL,168.211985311427,2024-05-08
META,470.230624947414,2024-05-08
MSFT,405.267204195667,2024-05-08
NVDA,90.3714667449019,2024-05-08
AMZN,189.5,2024-05-09
GOOGL,168.78798573344,2024-05-09
META,473.036486907531,2024-05-09
MSFT,407.024342655911,2024-05-09
NVDA,88.7072131930475,2024-05-09
AMZN,187.48,2024-05-10
GOOGL,167.487019263031,2024-05-10
META,473.812576385862,2024-05-10
MSFT,409.413261236691,2024-05-10
NVDA,89.8377061462891,2024-05-10
AMZN,186.57,2024-05-13
GOOGL,167.973640309214,2024-05-13
META,465.663636863392,2024-05-13
MSFT,408.406361669585,2024-05-13
NVDA,90.3584725730255,2024-05-13
AMZN,187.07,2024-05-14
GOOGL,169.165365320276,2024-05-14
META,469.484385064404,2024-05-14
MSFT,411.209885954468,2024-05-14
NVDA,91.3150435334608,2024-05-14
AMZN,185.99,2024-05-15
GOOGL,171.320401381947,2024-05-15
META,479.125804352894,2024-05-15
MSFT,418.386513261192,2024-05-15
NVDA,94.5875757429331,2024-05-15
AMZN,183.63,2024-05-16
GOOGL,172.978885355675,2024-05-16
META,470.857466449142,2024-05-16
MSFT,416.319698917059,2024-05-16
NVDA,94.3166972368955,2024-05-16
AMZN,184.7,2024-05-17
GOOGL,174.84592120634,2024-05-17
META,469.544084255044,2024-05-17
MSFT,415.548351936952,2024-05-17
NVDA,92.4375400732401,2024-05-17
AMZN,183.54,2024-05-20
GOOGL,175.699990797601,2024-05-20
META,466.489475667256,2024-05-20
MSFT,420.621441690733,2024-05-20
NVDA,94.7375084953524,2024-05-20
AMZN,183.15,2024-05-21
GOOGL,176.623577681174,2024-05-21
META,462.300582457293,2024-05-21
MSFT,424.280395314318,2024-05-21
NVDA,95.3432368151264,2024-05-21
AMZN,183.13,2024-05-22
GOOGL,175.163714542623,2024-05-22
META,465.434789965936,2024-05-22
MSFT,425.743976763752,2024-05-22
NVDA,94.9074322814276,2024-05-22
AMZN,181.05,2024-05-23
GOOGL,172.353229724868,2024-05-23
META,463.444816944575,2024-05-23
MSFT,422.263026289423,2024-05-23
NVDA,103.752465122485,2024-05-23
AMZN,180.75,2024-05-24
GOOGL,173.783299738142,2024-05-24
META,475.822449137436,2024-05-24
MSFT,425.387970465241,2024-05-24
NVDA,106.421268115548,2024-05-24
AMZN,182.15,2024-05-28
GOOGL,175.18357662614,2024-05-28
META,477.513926205592,2024-05-28
MSFT,425.546195486802,2024-05-28
NVDA,113.849936222084,2024-05-28
AMZN,182.02,2024-05-29
GOOGL,174.687024538198,2024-05-29
META,471.981801206211,2024-05-29
MSFT,424.408953144336,2024-05-29
NVDA,114.773521976987,2024-05-29
AMZN,179.32,2024-05-30
GOOGL,170.923159711593,2024-05-30
META,464.708449813139,2024-05-30
MSFT,410.069810565421,2024-05-30
NVDA,110.450460948897,2024-05-30
AMZN,176.44,2024-05-31
GOOGL,171.310470340188,2024-05-31
META,464.489552780789,2024-05-31
MSFT,410.524707502408,2024-05-31
NVDA,109.583849639913,2024-05-31
AMZN,178.34,2024-06-03
GOOGL,171.975850138031,2024-06-03
META,475.096108984639,2024-06-03
MSFT,408.932568222956,2024-06-03
NVDA,114.948443521476,2024-06-03
AMZN,179.34,2024-06-04
GOOGL,172.59157472708,2024-06-04
META,474.598615729299,2024-06-04
MSFT,411.454279504075,2024-06-04
NVDA,116.384799289653,2024-06-04
AMZN,181.28,2024-06-05
GOOGL,174.200403492014,2024-06-05
META,492.578021977289,2024-06-05
MSFT,419.306196199012,2024-06-05
NVDA,122.385108041474,2024-06-05
AMZN,185.0,2024-06-06
GOOGL,175.511301004183,2024-06-06
META,491.284539513404,2024-06-06
MSFT,419.810538455236,2024-06-06
NVDA,120.943754514883,2024-06-06
AMZN,184.3,2024-06-07
GOOGL,173.256954524923,2024-06-07
META,490.48855030486,2024-06-07
MSFT,419.147971177452,2024-06-07
NVDA,120.833803829776,2024-06-07
AMZN,187.06,2024-06-10
GOOGL,174.001782656837,2024-06-10
META,500.080220267817,2024-06-10
MSFT,423.123374844158,2024-06-10
NVDA,121.735399447657,2024-06-10
AMZN,187.23,2024-06-11
GOOGL,175.602507587284,2024-06-11
META,504.925804574829,2024-06-11
MSFT,427.880014554818,2024-06-11
NVDA,120.865789483625,2024-06-11
AMZN,186.89,2024-06-12
GOOGL,176.765767319348,2024-06-12
META,506.28893609446,2024-06-12
MSFT,436.167050059046,2024-06-12
NVDA,125.154220853113,2024-06-12
AMZN,183.83,2024-06-13
GOOGL,174.150918519922,2024-06-13
META,501.572700033837,2024-06-13
MSFT,436.681281379118,2024-06-13
NVDA,129.562608344824,2024-06-13
AMZN,183.66,2024-06-14
GOOGL,175.771528232114,2024-06-14
META,502.129892479818,2024-06-14
MSFT,437.660298700023,2024-06-14
NVDA,131.831778323551,2024-06-14
AMZN,184.06,2024-06-17
GOOGL,176.218935821369,2024-06-17
META,504.589946499226,2024-06-17
MSFT,443.395955731589,2024-06-17
NVDA,130.932107406875,2024-06-17
AMZN,182.81,2024-06-18
GOOGL,174.081321783816,2024-06-18
META,497.478697228547,2024-06-18
MSFT,441.388475770541,2024-06-18
NVDA,135.53042542544,2024-06-18
AMZN,186.1,2024-06-20
GOOGL,175.284351079369,2024-06-20
META,499.679798193281,2024-06-20
MSFT,440.755575684299,2024-06-20
NVDA,130.732180536503,2024-06-20
AMZN,189.08,2024-06-21
GOOGL,178.595167239859,2024-06-21
META,492.787663045787,2024-06-21
MSFT,444.79031373409,2024-06-21
NVDA,126.523719915164,2024-06-21
AMZN,185.57,2024-06-24
GOOGL,178.187529214093,2024-06-24
META,496.901032721965,2024-06-24
MSFT,442.703721262262,2024-06-24
NVDA,118.066813298412,2024-06-24
AMZN,186.34,2024-06-25
GOOGL,182.969819223689,2024-06-25
META,508.54396044945,2024-06-25
MSFT,445.947334204251,2024-06-25
NVDA,126.04389542627,2024-06-25
AMZN,193.61,2024-06-26
GOOGL,182.820683360603,2024-06-26
META,511.05381313322,2024-06-26
MSFT,447.143910929802,2024-06-26
NVDA,126.353782075347,2024-06-26
AMZN,197.85,2024-06-27
GOOGL,184.341869164072,2024-06-27
META,517.467881102852,2024-06-27
MSFT,447.826256335281,2024-06-27
NVDA,123.94466328736,2024-06-27
AMZN,193.25,2024-06-28
GOOGL,181.100649739689,2024-06-28
META,502.18965087705,2024-06-28
MSFT,441.99170866524,2024-06-28
NVDA,123.494827829022,2024-06-28
AMZN,197.2,2024-07-01
GOOGL,181.935810572965,2024-07-01
META,502.647798589167,2024-07-01
MSFT,451.663213108122,2024-07-01
NVDA,124.254549936437,2024-07-01
AMZN,200.0,2024-07-02
GOOGL,184.172848519242,2024-07-02
META,507.448389833519,2024-07-02
MSFT,454.184924389241,2024-07-02
NVDA,122.625145942902,2024-07-02
AMZN,197.59,2024-07-03
GOOGL,184.749507189838,2024-07-03
META,507.906537545636,2024-07-03
MSFT,455.658394902523,2024-07-03
NVDA,128.233094656848,2024-07-03
AMZN,200.0,2024-07-05
GOOGL,189.501970026817,2024-07-05
META,537.735937497577,2024-07-05
MSFT,462.373069254994,2024-07-05
NVDA,125.783990494786,2024-07-05
AMZN,199.29,2024-07-08
GOOGL,187.941014659859,2024-07-08
META,527.188580386022,2024-07-08
MSFT,461.067712827121,2024-07-08
NVDA,128.153123908699,2024-07-08
AMZN,199.34,2024-07-09
GOOGL,187.891302705497,2024-07-09
META,527.865842221325,2024-07-09
MSFT,454.442040049277,2024-07-09
NVDA,131.33196114762,2024-07-09
AMZN,199.79,2024-07-10
GOOGL,190.078628697412,2024-07-10
META,532.53695693834,2024-07-10
MSFT,461.077601890968,2024-07-10
NVDA,134.860670409692,2024-07-10
AMZN,195.05,2024-07-11
GOOGL,184.500947418029,2024-07-11
META,510.635504352591,2024-07-11
MSFT,449.655733147074,2024-07-11
NVDA,127.353416427209,2024-07-11
AMZN,194.49,2024-07-12
GOOGL,184.003827874412,2024-07-12
META,496.861193790476,2024-07-12
MSFT,448.518490804608,2024-07-12
NVDA,129.192743634635,2024-07-12
AMZN,192.72,2024-07-15
GOOGL,185.455416941774,2024-07-15
META,494.162106182137,2024-07-15
MSFT,448.923942422357,2024-07-15
NVDA,128.393036153146,2024-07-15
AMZN,193.02,2024-07-16
GOOGL,182.860452924093,2024-07-16
META,487.817756342609,2024-07-16
MSFT,444.533198074055,2024-07-16
NVDA,126.313796701273,2024-07-16
AMZN,187.93,2024-07-17
GOOGL,179.977159571114,2024-07-17
META,460.12969895817,2024-07-17
MSFT,438.599759765538,2024-07-17
NVDA,117.946857176189,2024-07-17
AMZN,183.75,2024-07-18
GOOGL,176.666343410625,2024-07-18
META,473.933888718901,2024-07-18
MSFT,435.484704653567,2024-07-18
NVDA,121.04572366696,2024-07-18
AMZN,183.13,2024-07-19
GOOGL,176.636516238007,2024-07-19
META,474.870103608879,2024-07-19
MSFT,432.260869839273,2024-07-19
NVDA,117.886879115077,2024-07-19
AMZN,182.55,2024-07-22
GOOGL,180.623414977816,2024-07-22
META,485.437380186177,2024-07-22
MSFT,438.026194062382,2024-07-22
NVDA,123.494827829022,2024-07-22
AMZN,186.41,2024-07-23
GOOGL,180.742723668284,2024-07-23
META,486.722185726678,2024-07-23
MSFT,439.915005257259,2024-07-23
NVDA,122.545175194753,2024-07-23
AMZN,180.83,2024-07-24
GOOGL,171.63549362922,2024-07-24
META,459.412598191379,2024-07-24
MSFT,424.141948420453,2024-07-24
NVDA,114.208224700225,2024-07-24
AMZN,179.85,2024-07-25
GOOGL,166.316314512518,2024-07-25
META,451.584248153908,2024-07-25
MSFT,413.758431380549,2024-07-25
NVDA,112.238945027057,2024-07-25
AMZN,182.5,2024-07-26
GOOGL,166.037927568092,2024-07-26
META,463.824759853719,2024-07-26
MSFT,420.5522182438,2024-07-26
NVDA,113.018659821509,2024-07-26
AMZN,183.2,2024-07-29
GOOGL,168.553352458794,2024-07-29
META,463.834719586591,2024-07-29
MSFT,421.99602156554,2024-07-29
NVDA,111.549197324272,2024-07-29
AMZN,181.71,2024-07-30
GOOGL,169.308974165092,2024-07-30
META,461.324866902822,2024-07-30
MSFT,418.228288239632,2024-07-30
NVDA,103.692071318637,2024-07-30
AMZN,186.98,2024-07-31
GOOGL,170.551773024135,2024-07-31
META,472.917995965947,2024-07-31
MSFT,413.708986061312,2024-07-31
NVDA,116.977211854882,2024-07-31
AMZN,184.07,2024-08-01
GOOGL,169.776266536092,2024-08-01
META,495.735743975929,2024-08-01
MSFT,412.482742144218,2024-08-01
NVDA,109.170067566841,2024-08-01
AMZN,167.9,2024-08-02
GOOGL,165.699886278433,2024-08-02
META,486.174400418713,2024-08-02
MSFT,403.958369107649,2024-08-02
NVDA,107.230776924229,2024-08-02
AMZN,161.02,2024-08-05
GOOGL,158.332574642028,2024-08-05
META,473.814371924436,2024-08-05
MSFT,390.766357935048,2024-08-05
NVDA,100.41327064453,2024-08-05
AMZN,161.93,2024-08-06
GOOGL,157.378105118283,2024-08-06
META,492.100441477612,2024-08-06
MSFT,395.176880411045,2024-08-06
NVDA,104.211881181606,2024-08-06
AMZN,162.77,2024-08-07
GOOGL,158.024360524985,2024-08-07
META,486.951259582736,2024-08-07
MSFT,394.009970877037,2024-08-07
NVDA,98.873833742663,2024-08-07
AMZN,165.8,2024-08-08
GOOGL,161.096559304539,2024-08-08
META,507.577866360856,2024-08-08
MSFT,398.222712076083,2024-08-08
NVDA,104.931617914946,2024-08-08
AMZN,166.94,2024-08-09
GOOGL,162.727111407603,2024-08-09
META,515.685088918746,2024-08-09
MSFT,401.51577033731,2024-08-09
NVDA,104.711698357537,2024-08-09
AMZN,166.8,2024-08-12
GOOGL,161.35506146722,2024-08-12
META,513.872417536024,2024-08-12
MSFT,402.297006381265,2024-08-12
NVDA,108.980137039987,2024-08-12
AMZN,170.23,2024-08-13
GOOGL,163.214288560347,2024-08-13
META,526.411721221999,2024-08-13
MSFT,409.417132351485,2024-08-13
NVDA,116.097533625244,2024-08-13
AMZN,170.1,2024-08-14
GOOGL,159.44612241973,2024-08-14
META,524.638888770765,2024-08-14
MSFT,412.23551554803,2024-08-14
NVDA,118.036824267856,2024-08-14
AMZN,177.59,2024-08-15
GOOGL,160.370764770858,2024-08-15
META,535.166326416575,2024-08-15
MSFT,417.100934961013,2024-08-15
NVDA,122.815076469756,2024-08-15
AMZN,177.06,2024-08-16
GOOGL,162.021201655666,2024-08-16
META,525.296231140323,2024-08-16
MSFT,414.564824960538,2024-08-16
NVDA,124.534447554959,2024-08-16
AMZN,178.22,2024-08-19
GOOGL,165.709828669305,2024-08-19
META,527.148741454534,2024-08-19
MSFT,417.596268945481,2024-08-19
NVDA,129.95246574205,2024-08-19
AMZN,178.88,2024-08-20
GOOGL,166.216890603794,2024-08-20
META,524.609009572148,2024-08-20
MSFT,420.835753203901,2024-08-20
NVDA,127.20347127443,2024-08-20
AMZN,180.11,2024-08-21
GOOGL,164.894552617773,2024-08-21
META,533.005064383329,2024-08-21
MSFT,420.181912344403,2024-08-21
NVDA,128.453014214257,2024-08-21
AMZN,176.13,2024-08-22
GOOGL,162.856362488943,2024-08-22
META,529.78807066564,2024-08-22
MSFT,411.672074491246,2024-08-22
NVDA,123.694754699395,2024-08-22
AMZN,177.04,2024-08-23
GOOGL,164.665877627709,2024-08-23
META,525.873895646905,2024-08-23
MSFT,412.900502772726,2024-08-23
NVDA,129.322696100377,2024-08-23
AMZN,175.5,2024-08-26
GOOGL,165.202766734815,2024-08-26
META,519.0215994309,2024-08-26
MSFT,409.631298475238,2024-08-26
NVDA,126.413760136459,2024-08-26
AMZN,173.12,2024-08-27
GOOGL,163.731292885709,2024-08-27
META,517.009733390736,2024-08-27
MSFT,409.978032264365,2024-08-27
NVDA,128.253087343885,2024-08-27
AMZN,170.8,2024-08-28
GOOGL,161.911835356071,2024-08-28
META,514.699075364408,2024-08-28
MSFT,406.768268045014,2024-08-28
NVDA,125.564070937376,2024-08-28
AMZN,172.12,2024-08-29
GOOGL,160.84799953273,2024-08-29
META,516.133276897991,2024-08-29
MSFT,409.264751326732,2024-08-29
NVDA,117.547003435444,2024-08-29
AMZN,178.5,2024-08-30
GOOGL,162.438782072305,2024-08-30
META,519.21083435547,2024-08-30
MSFT,413.247236561853,2024-08-30
NVDA,119.326352581758,2024-08-30
AMZN,176.25,2024-09-03
GOOGL,156.453462767156,2024-09-03
META,509.699289462614,2024-09-03
MSFT,405.619093201048,2024-09-03
NVDA,107.960510001088,2024-09-03
AMZN,173.33,2024-09-04
GOOGL,155.548705197773,2024-09-04
META,510.67534328408,2024-09-04
MSFT,405.084132497823,2024-09-04
NVDA,106.171164511255,2024-09-04
AMZN,177.89,2024-09-05
GOOGL,156.334154076687,2024-09-05
META,514.778753227385,2024-09-05
MSFT,404.578891833666,2024-09-05
NVDA,107.170798863117,2024-09-05
AMZN,171.39,2024-09-06
GOOGL,150.050563045368,2024-09-06
META,498.25555639257,2024-09-06
MSFT,397.951323121486,2024-09-06
NVDA,102.792400401962,2024-09-06
AMZN,175.4,2024-09-09
GOOGL,148.052142480028,2024-09-09
META,502.75735565076,2024-09-09
MSFT,401.933808356607,2024-09-09
NVDA,106.431069442739,2024-09-09
AMZN,179.55,2024-09-10
GOOGL,148.002363668085,2024-09-10
META,502.75735565076,2024-09-10
MSFT,410.334672733182,2024-09-10
NVDA,108.060473436274,2024-09-10
AMZN,184.52,2024-09-11
GOOGL,150.491304265221,2024-09-11
META,509.769007592719,2024-09-11
MSFT,419.092177578574,2024-09-11
NVDA,116.867252076178,2024-09-11
AMZN,187.0,2024-09-12
GOOGL,154.005688388376,2024-09-12
META,523.483559757601,2024-09-12
MSFT,423.01522273556,2024-09-12
NVDA,119.106433024348,2024-09-12
AMZN,186.49,2024-09-13
GOOGL,156.763434570003,2024-09-13
META,522.507505936135,2024-09-13
MSFT,426.571720744039,2024-09-13
NVDA,119.066444294107,2024-09-13
AMZN,184.89,2024-09-16
GOOGL,157.360780313316,2024-09-16
META,531.630621246979,2024-09-16
MSFT,427.314721720741,2024-09-16
NVDA,116.747097940099,2024-09-16
AMZN,186.88,2024-09-17
GOOGL,158.615206374272,2024-09-17
META,534.656234312319,2024-09-17
MSFT,431.089166682386,2024-09-17
NVDA,115.557433215414,2024-09-17
AMZN,186.43,2024-09-18
GOOGL,159.103038731311,2024-09-18
META,536.286177429891,2024-09-18
MSFT,426.789667697205,2024-09-18
NVDA,113.33805868701,2024-09-18
AMZN,189.87,2024-09-19
GOOGL,161.422731367841,2024-09-19
META,557.370762712245,2024-09-19
MSFT,434.596131292418,2024-09-19
NVDA,117.83679083918,2024-09-19
AMZN,191.6,2024-09-20
GOOGL,162.86631691418,2024-09-20
META,559.613803699729,2024-09-20
MSFT,431.208046838658,2024-09-20
NVDA,115.96731770039,2024-09-20
AMZN,193.88,2024-09-23
GOOGL,161.134014258573,2024-09-23
META,562.664339442708,2024-09-23
MSFT,429.464471213331,2024-09-23
NVDA,116.227244446959,2024-09-23
AMZN,193.96,2024-09-24
GOOGL,161.572067803669,2024-09-24
META,561.587679768716,2024-09-24
MSFT,425.16497222815,2024-09-24
NVDA,120.835945607294,2024-09-24
AMZN,192.53,2024-09-25
GOOGL,160.775606812586,2024-09-25
META,566.552277154348,2024-09-25
MSFT,428.077536056821,2024-09-25
NVDA,123.475201803234,2024-09-25
AMZN,191.16,2024-09-26
GOOGL,162.010121348765,2024-09-26
META,566.08373081474,2024-09-26
MSFT,427.285001681673,2024-09-26
NVDA,124.005052478934,2024-09-26
AMZN,187.97,2024-09-27
GOOGL,163.224724360167,2024-09-27
META,565.605215404077,2024-09-27
MSFT,424.025704063874,2024-09-27
NVDA,121.365796282994,2024-09-27
AMZN,186.33,2024-09-30
GOOGL,165.116319213991,2024-09-30
META,570.669503500264,2024-09-30
MSFT,426.284427033048,2024-09-30
NVDA,121.405785013235,2024-09-30
AMZN,185.13,2024-10-01
GOOGL,166.251276126285,2024-10-01
META,574.687039135625,2024-10-01
MSFT,416.764107851575,2024-10-01
NVDA,116.967035956427,2024-10-01
AMZN,184.76,2024-10-02
GOOGL,165.126274976379,2024-10-02
META,571.038359129317,2024-10-02
MSFT,413.237329882164,2024-10-02
NVDA,118.816514730097,2024-10-02
AMZN,181.96,2024-10-03
GOOGL,165.126274976379,2024-10-03
META,580.967553900581,2024-10-03
MSFT,412.652835780492,2024-10-03
NVDA,122.815387754249,2024-10-03
AMZN,186.51,2024-10-04
GOOGL,166.320966463004,2024-10-04
META,594.096820480657,2024-10-04
MSFT,412.177315155403,2024-10-04
NVDA,124.884804544247,2024-10-04
AMZN,180.8,2024-10-07
GOOGL,162.259015408479,2024-10-07
META,582.971337182734,2024-10-07
MSFT,405.718159997942,2024-10-07
NVDA,127.684015661153,2024-10-07
AMZN,182.72,2024-10-08
GOOGL,163.652822142875,2024-10-08
META,591.056253808734,2024-10-08
MSFT,410.83991339734,2024-10-08
NVDA,132.852559044869,2024-10-08
AMZN,185.17,2024-10-09
GOOGL,161.143970020962,2024-10-09
META,588.683614897528,2024-10-09
MSFT,413.564250311913,2024-10-09
NVDA,132.61262666342,2024-10-09
AMZN,186.65,2024-10-10
GOOGL,161.36299679351,2024-10-10
META,582.024275432463,2024-10-10
MSFT,411.959368202237,2024-10-10
NVDA,134.772018096461,2024-10-10
AMZN,188.82,2024-10-11
GOOGL,162.517865230581,2024-10-11
META,588.125346918421,2024-10-11
MSFT,412.434888827326,2024-10-11
NVDA,134.762020913901,2024-10-11
AMZN,187.54,2024-10-14
GOOGL,164.23025636141,2024-10-14
META,588.593893258028,2024-10-14
MSFT,415.228572499725,2024-10-14
NVDA,138.031099611145,2024-10-14
AMZN,187.69,2024-10-15
GOOGL,164.728044480838,2024-10-15
META,584.456728770002,2024-10-15
MSFT,414.832305312151,2024-10-15
NVDA,131.56292249458,2024-10-15
AMZN,186.89,2024-10-16
GOOGL,164.429371609181,2024-10-16
META,575.0060494094,2024-10-16
MSFT,412.236755233539,2024-10-16
NVDA,135.681761709456,2024-10-16
AMZN,187.53,2024-10-17
GOOGL,162.209236596536,2024-10-17
META,575.145616404177,2024-10-17
MSFT,412.8311560149,2024-10-17
NVDA,136.891420799262,2024-10-17
AMZN,188.99,2024-10-18
GOOGL,162.697068953575,2024-10-18
META,574.687039135625,2024-10-18
MSFT,414.257717890168,2024-10-18
NVDA,137.961119333222,2024-10-18
AMZN,189.07,2024-10-21
GOOGL,163.34419350883,2024-10-21
META,573.381090827356,2024-10-21
MSFT,414.871932030908,2024-10-21
NVDA,143.669510575198,2024-10-21
AMZN,189.7,2024-10-22
GOOGL,164.409460084404,2024-10-22
META,580.209904500364,2024-10-22
MSFT,423.520463399717,2024-10-22
NVDA,143.549544384474,2024-10-22
AMZN,184.71,2024-10-23
GOOGL,162.059900160708,2024-10-23
META,561.946566326713,2024-10-23
MSFT,420.637619610114,2024-10-23
NVDA,139.520679812641,2024-10-23
AMZN,186.38,2024-10-24
GOOGL,162.000165586377,2024-10-24
META,566.023916388407,2024-10-24
MSFT,420.766406446076,2024-10-24
NVDA,140.370440330273,2024-10-24
AMZN,187.83,2024-10-25
GOOGL,164.538884995455,2024-10-25
META,571.476998255758,2024-10-25
MSFT,424.154490899836,2024-10-25
NVDA,141.500121959596,2024-10-25
AMZN,188.39,2024-10-28
GOOGL,165.982470541794,2024-10-28
META,576.371812144002,2024-10-28
MSFT,422.609048868296,2024-10-28
NVDA,140.480409338437,2024-10-28
AMZN,190.83,2024-10-29
GOOGL,168.929376208803,2024-10-29
META,591.445047579898,2024-10-29
MSFT,427.919029181792,2024-10-29
NVDA,141.210203665345,2024-10-29
AMZN,192.73,2024-10-30
GOOGL,173.688230630527,2024-10-30
META,589.969625063685,2024-10-30
MSFT,428.493616603774,2024-10-30
NVDA,139.295743205033,2024-10-30
AMZN,186.4,2024-10-31
GOOGL,170.353050230365,2024-10-31
META,565.824534967297,2024-10-31
MSFT,402.557929177037,2024-10-31
NVDA,132.722595671584,2024-10-31
AMZN,197.93,2024-11-01
GOOGL,170.532253953358,2024-11-01
META,565.405833982967,2024-11-01
MSFT,406.540414412158,2024-11-01
NVDA,135.361851867524,2024-11-01
AMZN,195.78,2024-11-04
GOOGL,168.491322663707,2024-11-04
META,558.945875939012,2024-11-04
MSFT,404.648238591491,2024-11-04
NVDA,136.011668733948,2024-11-04
AMZN,199.5,2024-11-05
GOOGL,168.989110783134,2024-11-05
META,570.659534429208,2024-11-05
MSFT,407.620242498298,2024-11-05
NVDA,139.870581202254,2024-11-05
AMZN,207.09,2024-11-06
GOOGL,175.729161920178,2024-11-06
META,570.2807097291,2024-11-06
MSFT,416.258867187418,2024-11-06
NVDA,145.56897526167,2024-11-06
AMZN,210.05,2024-11-07
GOOGL,179.95040517292,2024-11-07
META,589.869934353131,2024-11-07
MSFT,421.459874024331,2024-11-07
NVDA,148.838053958914,2024-11-07
AMZN,208.18,2024-11-08
GOOGL,177.56102219967,2024-11-08
META,587.517233584036,2024-11-08
MSFT,418.596843594106,2024-11-08
NVDA,147.588406138866,2024-11-08
AMZN,206.84,2024-11-11
GOOGL,179.552174677379,2024-11-11
META,581.366316742801,2024-11-11
MSFT,414.109117694827,2024-11-11
NVDA,145.219073872057,2024-11-11
AMZN,208.91,2024-11-12
GOOGL,180.816556500724,2024-11-12
META,583.011213466956,2024-11-12
MSFT,419.082270898885,2024-11-12
NVDA,148.248220187851,2024-11-12
AMZN,214.1,2024-11-13
GOOGL,178.088677606263,2024-11-13
META,578.206121218212,2024-11-13
MSFT,421.232020391475,2024-11-13
NVDA,146.228789310655,2024-11-13
AMZN,211.48,2024-11-14
GOOGL,174.803276018043,2024-11-14
META,575.374905038453,2024-11-14
MSFT,422.906249258977,2024-11-14
NVDA,146.718651256114,2024-11-14
AMZN,202.61,2024-11-15
GOOGL,171.726945439983,2024-11-15
META,552.366289042391,2024-11-15
MSFT,411.127207108331,2024-11-15
NVDA,141.939997992253,2024-11-15
AMZN,201.7,2024-11-18
GOOGL,174.524514671164,2024-11-18
META,552.685299316166,2024-11-18
MSFT,411.880114764722,2024-11-18
NVDA,140.110513583703,2024-11-18
AMZN,204.61,2024-11-19
GOOGL,177.332039664733,2024-11-19
META,559.354607852287,2024-11-19
MSFT,413.891170741662,2024-11-19
NVDA,146.968580820123,2024-11-19
AMZN,202.88,2024-11-20
GOOGL,175.201506513585,2024-11-20
META,563.770906329867,2024-11-20
MSFT,411.612634413109,2024-11-20
NVDA,145.848896373361,2024-11-20
AMZN,198.38,2024-11-21
GOOGL,166.888444919151,2024-11-21
META,561.348422063384,2024-11-21
MSFT,409.839338748714,2024-11-21
NVDA,146.62867661307,2024-11-21
AMZN,197.12,2024-11-22
GOOGL,164.03114111364,2024-11-22
META,557.410638996467,2024-11-22
MSFT,413.939022593586,2024-11-22
NVDA,141.910006444572,2024-11-22
AMZN,201.45,2024-11-25
GOOGL,166.908356443929,2024-11-25
META,563.362174416592,2024-11-25
MSFT,415.715883146206,2024-11-25
NVDA,135.981677186267,2024-11-25
AMZN,207.86,2024-11-26
GOOGL,168.371853515044,2024-11-26
META,571.766101316367,2024-11-26
MSFT,424.848350790957,2024-11-26
NVDA,136.881423616701,2024-11-26
AMZN,205.74,2024-11-27
GOOGL,168.481366901318,2024-11-27
META,567.439524478286,2024-11-27
MSFT,419.88505315794,2024-11-27
NVDA,135.301868772161,2024-11-27
AMZN,207.89,2024-11-29
GOOGL,168.202605554439,2024-11-29
META,572.543688858695,2024-11-29
MSFT,420.351603135444,2024-11-29
NVDA,138.211048897232,2024-11-29
AMZN,210.71,2024-12-02
GOOGL,170.731369201129,2024-12-02
META,590.996439382401,2024-12-02
MSFT,427.816402775501,2024-12-02
NVDA,138.590941834526,2024-12-02
AMZN,213.44,2024-12-03
GOOGL,170.582032765301,2024-12-03
META,611.752045319923,2024-12-03
MSFT,428.034787871353,2024-12-03
NVDA,140.220482591868,2024-12-03
AMZN,218.16,2024-12-04
GOOGL,173.59862876903,2024-12-04
META,611.881643243645,2024-12-04
MSFT,434.209130126826,2024-12-04
NVDA,145.099107681332,2024-12-04
AMZN,220.55,2024-12-05
GOOGL,171.876281875812,2024-12-05
META,607.046643781734,2024-12-05
MSFT,439.370959665163,2024-12-05
NVDA,145.02912740341,2024-12-05
AMZN,227.03,2024-12-06
GOOGL,173.93712469024,2024-12-06
META,621.840745228076,2024-12-06
MSFT,440.313986215436,2024-12-06
NVDA,142.40968500856,2024-12-06
AMZN,226.09,2024-12-09
GOOGL,174.793320255655,2024-12-09
META,611.67229275148,2024-12-09
MSFT,442.746002055614,2024-12-09
NVDA,138.780457568367,2024-12-09
AMZN,225.04,2024-12-10
GOOGL,184.561094324797,2024-12-10
META,617.404508608384,2024-12-10
MSFT,440.075747929052,2024-12-10
NVDA,135.041253539077,2024-12-10
AMZN,230.26,2024-12-11
GOOGL,194.757454399013,2024-12-11
META,630.723187538514,2024-12-11
MSFT,445.694200849626,2024-12-11
NVDA,139.28035115517,2024-12-11
AMZN,228.97,2024-12-12
GOOGL,191.328766358416,2024-12-12
META,628.839033109027,2024-12-12
MSFT,446.26001677979,2024-12-12
NVDA,137.310770423165,2024-12-12
AMZN,227.46,2024-12-13
GOOGL,189.195803449441,2024-12-13
META,618.431322927099,2024-12-13
MSFT,443.986826463869,2024-12-13
NVDA,134.22142805672,2024-12-13
AMZN,232.93,2024-12-16
GOOGL,196.013311065046,2024-12-16
META,622.807745120458,2024-12-16
MSFT,448.275115618795,2024-12-16
NVDA,131.971906916104,2024-12-16
AMZN,231.15,2024-12-17
GOOGL,194.777388631807,2024-12-17
META,618.018758229874,2024-12-17
MSFT,451.124048460147,2024-12-17
NVDA,130.362249566597,2024-12-17
AMZN,220.52,2024-12-18
GOOGL,187.780472921055,2024-12-18
META,595.819808580812,2024-12-18
MSFT,434.179350341028,2024-12-18
NVDA,128.882564549659,2024-12-18
AMZN,223.29,2024-12-19
GOOGL,187.890111201423,2024-12-19
META,594.20352550524,2024-12-19
MSFT,433.821992911451,2024-12-19
NVDA,130.652187846943,2024-12-19
AMZN,224.92,2024-12-20
GOOGL,190.780574956577,2024-12-20
META,583.907203690484,2024-12-20
MSFT,433.395149315011,2024-12-20
NVDA,134.671332284843,2024-12-20
AMZN,225.06,2024-12-23
GOOGL,193.989986436438,2024-12-23
META,598.473705482678,2024-12-23
MSFT,432.055058954097,2024-12-23
NVDA,139.640274537669,2024-12-23
AMZN,229.05,2024-12-24
GOOGL,195.465119663206,2024-12-24
META,606.355579740097,2024-12-24
MSFT,436.105109822638,2024-12-24
NVDA,140.190157483152,2024-12-24
AMZN,227.05,2024-12-26
GOOGL,194.956796726955,2024-12-26
META,601.965675090395,2024-12-26
MSFT,434.894065200182,2024-12-26
NVDA,139.900219202806,2024-12-26
AMZN,223.75,2024-12-27
GOOGL,192.126135670183,2024-12-27
META,598.433797258589,2024-12-27
MSFT,427.369705988529,2024-12-27
NVDA,136.980840655874,2024-12-27
AMZN,221.3,2024-12-30
GOOGL,190.611133977826,2024-12-30
META,589.883460247692,2024-12-30
MSFT,421.71154668689,2024-12-30
NVDA,137.460738499206,2024-12-30
AMZN,219.39,2024-12-31
GOOGL,188.677513396792,2024-12-31
META,584.166607147058,2024-12-31
MSFT,418.405990463301,2024-12-31
NVDA,134.261419543664,2024-12-31
AMZN,220.22,2025-01-02
GOOGL,188.807085909954,2025-01-02
META,597.865105065333,2025-01-02
MSFT,415.507424645619,2025-01-02
NVDA,138.280563981563,2025-01-02
AMZN,224.19,2025-01-03
GOOGL,191.159325379666,2025-01-03
META,603.242738261217,2025-01-03
MSFT,420.242410587517,2025-01-03
NVDA,144.439252970982,2025-01-03
AMZN,227.61,2025-01-06
GOOGL,196.222620509385,2025-01-06
META,628.7540705096,2025-01-06
MSFT,424.709378457232,2025-01-06
NVDA,149.398197352072,2025-01-06
AMZN,222.11,2025-01-07
GOOGL,194.847158446587,2025-01-07
META,616.472314546456,2025-01-07
MSFT,419.269604251446,2025-01-07
NVDA,140.110174509264,2025-01-07
AMZN,222.13,2025-01-08
GOOGL,193.312222521436,2025-01-08
META,609.318765378646,2025-01-08
MSFT,421.443528614707,2025-01-08
NVDA,140.080180894056,2025-01-08
AMZN,218.94,2025-01-10
GOOGL,191.408503289593,2025-01-10
META,614.44697217398,2025-01-10
MSFT,415.874708670463,2025-01-10
NVDA,135.881074764907,2025-01-10
AMZN,218.46,2025-01-13
GOOGL,190.381890300694,2025-01-13
META,606.934248989376,2025-01-13
MSFT,414.127627903641,2025-01-13
NVDA,133.201645139641,2025-01-13
AMZN,217.76,2025-01-14
GOOGL,189.036329587087,2025-01-14
META,592.886554110329,2025-01-14
MSFT,412.618785423204,2025-01-14
NVDA,131.731957994438,2025-01-14
AMZN,223.35,2025-01-15
GOOGL,194.90696114497,2025-01-15
META,615.704081232758,2025-01-15
MSFT,423.180682786263,2025-01-15
NVDA,136.211004532197,2025-01-15
AMZN,220.66,2025-01-16
GOOGL,192.275642416139,2025-01-16
META,609.897434627925,2025-01-16
MSFT,421.463381805239,2025-01-16
NVDA,133.541572778667,2025-01-16
AMZN,225.94,2025-01-17
GOOGL,195.355481382838,2025-01-17
META,611.364061863166,2025-01-17
MSFT,425.880716698624,2025-01-17
NVDA,137.680691677399,2025-01-17
AMZN,230.71,2025-01-21
GOOGL,197.39874024424,2025-01-21
META,615.045595535303,2025-01-21
MSFT,425.354607149524,2025-01-21
NVDA,140.800027659053,2025-01-21
AMZN,235.01,2025-01-22
GOOGL,197.717687968947,2025-01-22
META,622.069442974826,2025-01-22
MSFT,442.924680770403,2025-01-22
NVDA,147.038699622359,2025-01-22
AMZN,235.42,2025-01-23
GOOGL,197.328970429461,2025-01-23
META,634.989730523381,2025-01-23
MSFT,443.430937128971,2025-01-23
NVDA,147.1886676984,2025-01-23
AMZN,234.85,2025-01-24
GOOGL,199.55163738601,2025-01-24
META,646.004400371724,2025-01-24
MSFT,440.800389383472,2025-01-24
NVDA,142.589646699809,2025-01-24
AMZN,235.42,2025-01-27
GOOGL,191.17925961246,2025-01-27
META,658.365972783045,2025-01-27
MSFT,431.37012388074,2025-01-27
NVDA,118.394797098523,2025-01-27
AMZN,238.15,2025-01-28
GOOGL,194.657783235042,2025-01-28
META,672.782818734907,2025-01-28
MSFT,443.917340297006,2025-01-28
NVDA,128.962547523548,2025-01-28
AMZN,237.07,2025-01-29
GOOGL,194.76742151541,2025-01-29
META,674.93786283567,2025-01-29
MSFT,439.083088402448,2025-01-29
NVDA,123.673673375167,2025-01-29
AMZN,234.64,2025-01-30
GOOGL,200.209467068218,2025-01-30
META,685.423748714844,2025-01-30
MSFT,411.943776945113,2025-01-30
NVDA,124.623471190094,2025-01-30
AMZN,237.68,2025-01-31
GOOGL,203.349108733299,2025-01-31
META,687.598746927651,2025-01-31
MSFT,412.013263111976,2025-01-31
NVDA,120.044445934974,2025-01-31
AMZN,237.42,2025-02-03
GOOGL,200.568283258513,2025-02-03
META,695.859749313909,2025-02-03
MSFT,407.903652671838,2025-02-03
NVDA,116.635171672975,2025-02-03
AMZN,242.06,2025-02-04
GOOGL,205.701348203011,2025-02-04
META,702.574308016749,2025-02-04
MSFT,409.343008985413,2025-02-04
NVDA,118.624748148453,2025-02-04
AMZN,236.17,2025-02-05
GOOGL,190.7008380254,2025-02-05
META,703.252747826248,2025-02-05
MSFT,410.256255749888,2025-02-05
NVDA,124.803432881343,2025-02-05
AMZN,238.83,2025-02-06
GOOGL,190.969950168121,2025-02-06
META,710.356411713948,2025-02-06
MSFT,412.767684352194,2025-02-06
NVDA,128.652613499729,2025-02-06
AMZN,229.15,2025-02-07
GOOGL,184.730535303547,2025-02-07
META,712.880606887526,2025-02-07
MSFT,406.742241025712,2025-02-07
NVDA,129.812366621113,2025-02-07
AMZN,233.14,2025-02-10
GOOGL,185.856819456418,2025-02-10
META,715.753999021877,2025-02-10
MSFT,409.194110056422,2025-02-10
NVDA,133.541572778667,2025-02-10
AMZN,232.76,2025-02-11
GOOGL,184.710601070753,2025-02-11
META,718.148492467169,2025-02-11
MSFT,408.419835625672,2025-02-11
NVDA,132.77173665499,2025-02-11
AMZN,228.93,2025-02-12
GOOGL,183.006224166852,2025-02-12
META,723.715689727473,2025-02-12
MSFT,406.037452761824,2025-02-12
NVDA,131.112089946802,2025-02-12
AMZN,230.37,2025-02-13
GOOGL,185.527904615314,2025-02-13
META,726.888393542485,2025-02-13
MSFT,407.526442051729,2025-02-13
NVDA,135.261206717271,2025-02-13
AMZN,228.68,2025-02-14
GOOGL,184.620897023179,2025-02-14
META,734.979785976367,2025-02-14
MSFT,405.431930450596,2025-02-14
NVDA,138.820449055311,2025-02-14
AMZN,226.65,2025-02-18
GOOGL,183.165698029205,2025-02-18
META,714.726362251606,2025-02-18
MSFT,406.633048477786,2025-02-18
NVDA,139.370332000795,2025-02-18
AMZN,226.63,2025-02-19
GOOGL,184.660765488768,2025-02-19
META,702.155271663823,2025-02-19
MSFT,411.725391849261,2025-02-19
NVDA,139.200368181282,2025-02-19
AMZN,222.88,2025-02-20
GOOGL,183.953100224575,2025-02-20
META,693.245760636132,2025-02-20
MSFT,413.899316212522,2025-02-20
NVDA,140.080180894056,2025-02-20
AMZN,216.58,2025-02-21
GOOGL,179.069213190004,2025-02-21
META,681.981664387237,2025-02-21
MSFT,406.021771732664,2025-02-21
NVDA,134.401389747969,2025-02-21
AMZN,212.71,2025-02-24
GOOGL,178.660561417723,2025-02-24
META,666.597044001236,2025-02-24
MSFT,401.834339629104,2025-02-24
NVDA,130.2522729775,2025-02-24
AMZN,212.8,2025-02-25
GOOGL,174.84315583764,2025-02-25
META,655.991433449797,2025-02-25
MSFT,395.767038956486,2025-02-25
NVDA,126.603049793835,2025-02-25
AMZN,214.35,2025-02-26
GOOGL,172.162001526825,2025-02-26
META,672.154264205518,2025-02-26
MSFT,397.587229158271,2025-02-26
NVDA,131.252060151107,2025-02-26
AMZN,208.74,2025-02-27
GOOGL,167.945911290858,2025-02-27
META,656.729735595428,2025-02-27
MSFT,390.425825085673,2025-02-27
NVDA,120.124428908863,2025-02-27
AMZN,212.28,2025-02-28
GOOGL,169.720058009539,2025-02-28
META,666.66688339339,2025-02-28
MSFT,394.861917052866,2025-02-28
NVDA,124.893413726968,2025-02-28
AMZN,205.02,2025-03-03
GOOGL,166.460810947693,2025-03-03
META,653.547054724394,2025-03-03
MSFT,386.407481689382,2025-03-03
NVDA,114.035725021597,2025-03-03
AMZN,203.8,2025-03-04
GOOGL,170.357953458953,2025-03-04
META,638.531585411209,2025-03-04
MSFT,386.526838423926,2025-03-04
NVDA,115.965314266658,2025-03-04
AMZN,208.36,2025-03-05
GOOGL,172.45104790234,2025-03-05
META,654.963796679525,2025-03-05
MSFT,398.870314054612,2025-03-05
NVDA,117.275035464083,2025-03-05
AMZN,200.7,2025-03-06
GOOGL,171.783251103736,2025-03-06
META,626.489278792594,2025-03-06
MSFT,394.762453107413,2025-03-06
NVDA,110.546467785709,2025-03-06
AMZN,199.25,2025-03-07
GOOGL,173.288285679695,2025-03-07
META,624.224487075589,2025-03-07
MSFT,391.201643860205,2025-03-07
NVDA,112.666016593756,2025-03-07
AMZN,194.54,2025-03-10
GOOGL,165.523902006367,2025-03-10
META,596.617973062576,2025-03-10
MSFT,378.122135033168,2025-03-10
NVDA,106.957231832461,2025-03-10
AMZN,196.59,2025-03-11
GOOGL,163.697720414327,2025-03-11
META,604.320260311599,2025-03-11
MSFT,378.410580474981,2025-03-11
NVDA,108.736853001481,2025-03-11
AMZN,198.89,2025-03-12
GOOGL,166.761314669826,2025-03-12
META,618.138482902138,2025-03-12
MSFT,381.215463736749,2025-03-12
NVDA,115.725365344993,2025-03-12
AMZN,193.89,2025-03-13
GOOGL,162.420391213338,2025-03-13
META,589.284836886369,2025-03-13
MSFT,376.739586191375,2025-03-13
NVDA,115.565385576069,2025-03-13
AMZN,197.95,2025-03-14
GOOGL,165.144694899823,2025-03-14
META,606.729719340924,2025-03-14
MSFT,386.477106451199,2025-03-14
NVDA,121.654615530718,2025-03-14
AMZN,195.74,2025-03-17
GOOGL,163.947198773895,2025-03-17
META,604.033586618375,2025-03-17
MSFT,386.616355974833,2025-03-17
NVDA,119.514886121367,2025-03-17
AMZN,192.82,2025-03-18
GOOGL,160.334752127347,2025-03-18
META,581.52587122347,2025-03-18
MSFT,381.464123600381,2025-03-18
NVDA,115.415404542704,2025-03-18
AMZN,195.54,2025-03-19
GOOGL,163.548033398586,2025-03-19
META,583.223436271001,2025-03-19
MSFT,385.741073254849,2025-03-19
NVDA,117.505140274266,2025-03-19
AMZN,194.95,2025-03-20
GOOGL,162.460307750869,2025-03-20
META,585.160657560536,2025-03-20
MSFT,384.766326589412,2025-03-20
NVDA,118.515012565595,2025-03-20
AMZN,196.21,2025-03-21
GOOGL,163.647824742414,2025-03-21
META,595.39597622947,2025-03-21
MSFT,389.162632978423,2025-03-21
NVDA,117.685117514305,2025-03-21
AMZN,203.26,2025-03-24
GOOGL,167.330125329641,2025-03-24
META,617.963605684876,2025-03-24
MSFT,390.972876785663,2025-03-24
NVDA,121.394648406217,2025-03-24
AMZN,205.71,2025-03-25
GOOGL,170.204116031868,2025-03-25
META,625.41292054051,2025-03-25
MSFT,393.041726851081,2025-03-25
NVDA,120.674739446062,2025-03-25
AMZN,201.13,2025-03-26
GOOGL,164.715592121366,2025-03-26
META,610.104878082485,2025-03-26
MSFT,387.879548082083,2025-03-26
NVDA,113.745615704565,2025-03-26
AMZN,201.36,2025-03-27
GOOGL,161.901476225436,2025-03-27
META,601.716909612334,2025-03-27
MSFT,388.486278149345,2025-03-27
NVDA,111.415910319618,2025-03-27
AMZN,192.72,2025-03-28
GOOGL,154.007980928695,2025-03-28
META,575.913920889869,2025-03-28
MSFT,376.769425375011,2025-03-28
NVDA,109.65613286146,2025-03-28
AMZN,190.26,2025-03-31
GOOGL,154.31733409456,2025-03-31
META,575.534465173362,2025-03-31
MSFT,373.377704835072,2025-03-31
NVDA,108.366295974515,2025-03-31
AMZN,192.17,2025-04-01
GOOGL,156.742263749563,2025-04-01
META,585.160657560536,2025-04-01
MSFT,380.141253125859,2025-04-01
NVDA,110.13607216823,2025-04-01
AMZN,196.01,2025-04-02
GOOGL,156.712326346415,2025-04-02
META,583.093622473249,2025-04-02
MSFT,380.091521153133,2025-04-02
NVDA,110.406038028288,2025-04-02
AMZN,178.41,2025-04-03
GOOGL,150.405513416529,2025-04-03
META,530.858547393058,2025-04-03
MSFT,371.10992687875,2025-04-03
NVDA,101.787127977538,2025-04-03
AMZN,171.0,2025-04-04
GOOGL,145.29619661257,2025-04-04
META,504.007062611825,2025-04-04
MSFT,357.91106131717,2025-04-04
NVDA,94.2980750448097,2025-04-04
AMZN,175.26,2025-04-07
GOOGL,146.443797066584,2025-04-07
META,515.510562228032,2025-04-07
MSFT,355.941675197205,2025-04-07
NVDA,97.6276539855288,2025-04-07
AMZN,170.66,2025-04-08
GOOGL,144.398074518125,2025-04-08
META,509.718869712927,2025-04-08
MSFT,352.659364997265,2025-04-08
NVDA,96.287823420795,2025-04-08
AMZN,191.1,2025-04-09
GOOGL,158.378841788331,2025-04-09
META,584.930986995282,2025-04-09
MSFT,388.396760598437,2025-04-09
NVDA,114.315543631355,2025-04-09
AMZN,181.22,2025-04-10
GOOGL,152.501131636902,2025-04-10
META,545.507535185572,2025-04-10
MSFT,379.305755984056,2025-04-10
NVDA,107.55639839434,2025-04-10
AMZN,184.87,2025-04-11
GOOGL,156.812117690242,2025-04-11
META,542.791431109523,2025-04-11
MSFT,386.367696111201,2025-04-11
NVDA,110.915973541732,2025-04-11
AMZN,182.12,2025-04-14
GOOGL,158.73809062611,2025-04-14
META,530.718747918556,2025-04-14
MSFT,385.731126860304,2025-04-14
NVDA,110.696001359462,2025-04-14
AMZN,179.59,2025-04-15
GOOGL,155.983849536476,2025-04-15
META,520.773013875376,2025-04-15
MSFT,383.662276794886,2025-04-15
NVDA,112.185812957562,2025-04-15
AMZN,174.33,2025-04-16
GOOGL,153.010067490422,2025-04-16
META,501.590528838281,2025-04-16
MSFT,369.617967696958,2025-04-16
NVDA,104.476787842563,2025-04-16
AMZN,172.61,2025-04-17
GOOGL,150.844595329369,2025-04-17
META,500.761717668016,2025-04-17
MSFT,365.808498586118,2025-04-17
NVDA,101.477167175249,2025-04-17
AMZN,167.32,2025-04-21
GOOGL,147.361877429796,2025-04-21
META,483.965809374214,2025-04-21
MSFT,357.19492090991,2025-04-21
NVDA,96.8977462898156,2025-04-21
AMZN,173.18,2025-04-22
GOOGL,151.153948495234,2025-04-22
META,499.563436457995,2025-04-22
MSFT,364.853644709772,2025-04-22
NVDA,98.8774959302431,2025-04-22
AMZN,180.6,2025-04-23
GOOGL,155.025852635734,2025-04-23
META,519.524804281604,2025-04-23
MSFT,372.383065380545,2025-04-23
NVDA,102.69701291329,2025-04-23
AMZN,186.54,2025-04-24
GOOGL,158.947652448147,2025-04-24
META,532.386355935835,2025-04-24
MSFT,385.223860738495,2025-04-24
NVDA,106.41654254076,2025-04-24
AMZN,188.99,2025-04-25
GOOGL,161.622060462719,2025-04-25
META,546.486131507089,2025-04-25
MSFT,389.749470256595,2025-04-25
NVDA,110.995963426194,2025-04-25
AMZN,187.7,2025-04-28
GOOGL,160.27487732105,2025-04-28
META,548.952593664384,2025-04-28
MSFT,389.063169032971,2025-04-28
NVDA,108.716251719035,2025-04-28
AMZN,187.39,2025-04-29
GOOGL,159.825816273827,2025-04-29
META,553.645861736968,2025-04-29
MSFT,391.92773066201,2025-04-29
NVDA,109.006215050208,2025-04-29
AMZN,184.42,2025-04-30
GOOGL,158.468653997776,2025-04-30
META,548.21365358487,2025-04-30
MSFT,393.141190796533,2025-04-30
NVDA,108.906227694631,2025-04-30
AMZN,190.2,2025-05-01
GOOGL,160.963437593459,2025-05-01
META,571.390409322038,2025-05-01
MSFT,423.119623955992,2025-05-01
NVDA,111.595887559657,2025-05-01
AMZN,189.98,2025-05-02
GOOGL,163.687741279944,2025-05-02
META,596.164873339234,2025-05-02
MSFT,432.946661766723,2025-05-02
NVDA,114.485522135836,2025-05-02
AMZN,186.35,2025-05-05
GOOGL,163.867365698834,2025-05-05
META,598.411650608024,2025-05-05
MSFT,433.831890881253,2025-05-05
NVDA,113.805608117912,2025-05-05
AMZN,185.01,2025-05-06
GOOGL,162.889410529326,2025-05-06
META,586.468781214809,2025-05-06
MSFT,430.987222041304,2025-05-06
NVDA,113.525643522296,2025-05-06
AMZN,188.71,2025-05-07
GOOGL,151.064136285789,2025-05-07
META,595.95517412748,2025-05-07
MSFT,431.027007619485,2025-05-07
NVDA,117.045198438611,2025-05-07
AMZN,192.08,2025-05-08
GOOGL,153.958085256781,2025-05-08
META,597.153455337502,2025-05-08
MSFT,435.821169790308,2025-05-08
NVDA,117.3551592409,2025-05-08
AMZN,193.06,2025-05-09
GOOGL,152.431277696223,2025-05-09
META,591.641361771402,2025-05-09
MSFT,436.378167884843,2025-05-09
NVDA,116.635250280745,2025-05-09
AMZN,208.64,2025-05-12
GOOGL,158.129363428763,2025-05-12
META,638.514128436746,2025-05-12
MSFT,446.851721341017,2025-05-12
NVDA,122.984447359894,2025-05-12
AMZN,211.37,2025-05-13
GOOGL,159.197130807715,2025-05-13
META,655.090351842045,2025-05-13
MSFT,446.732364606474,2025-05-13
NVDA,129.91357110139,2025-05-13
AMZN,210.25,2025-05-14
GOOGL,165.02494528723,2025-05-14
META,658.415582199855,2025-05-14
MSFT,450.511994533679,2025-05-14
NVDA,135.322887038114,2025-05-14
AMZN,205.17,2025-05-15
GOOGL,163.617887339265,2025-05-15
META,642.957754590576,2025-05-15
MSFT,451.526526777297,2025-05-15
NVDA,134.812951524671,2025-05-15
AMZN,205.59,2025-05-16
GOOGL,165.843234306614,2025-05-16
META,639.422825021013,2025-05-16
MSFT,452.662492704351,2025-05-16
NVDA,135.38287945146,2025-05-16
AMZN,206.16,2025-05-19
GOOGL,166.19250401001,2025-05-19
META,639.512696111764,2025-05-19
MSFT,457.246214866149,2025-05-19
NVDA,135.552857955942,2025-05-19
AMZN,204.07,2025-05-20
GOOGL,163.637845608031,2025-05-20
META,636.187465753954,2025-05-20
MSFT,456.548691928484,2025-05-20
NVDA,134.363008424573,2025-05-20
AMZN,201.12,2025-05-21
GOOGL,168.208289155322,2025-05-21
META,634.589757473926,2025-05-21
MSFT,450.968508427165,2025-05-21
NVDA,131.783334650683,2025-05-21
AMZN,203.1,2025-05-22
GOOGL,170.513469197733,2025-05-22
META,635.658224886195,2025-05-22
MSFT,453.250404894668,2025-05-22
NVDA,132.813204413128,2025-05-22
AMZN,200.99,2025-05-23
GOOGL,168.118476945877,2025-05-23
META,626.161846296774,2025-05-23
MSFT,448.586965825709,2025-05-23
NVDA,131.27339913724,2025-05-23
AMZN,206.02,2025-05-27
GOOGL,172.539233477427,2025-05-27
META,641.399989017548,2025-05-27
MSFT,459.059774504078,2025-05-27
NVDA,135.482866807038,2025-05-27
AMZN,204.72,2025-05-28
GOOGL,172.00036022076,2025-05-28
META,642.658184288071,2025-05-28
MSFT,455.741558243472,2025-05-28
NVDA,134.792954053555,2025-05-28
AMZN,205.7,2025-05-29
GOOGL,171.501403501623,2025-05-29
META,644.126078770347,2025-05-29
MSFT,457.05688721164,2025-05-29
NVDA,139.172400227834,2025-05-29
AMZN,205.01,2025-05-30
GOOGL,171.38165388903,2025-05-30
META,646.562583897391,2025-05-30
MSFT,458.730942262036,2025-05-30
NVDA,135.112913591402,2025-05-30
AMZN,206.65,2025-06-02
GOOGL,168.67730847131,2025-06-02
META,669.939053169562,2025-06-02
MSFT,460.335245018665,2025-06-02
NVDA,137.362629091888,2025-06-02
AMZN,205.71,2025-06-03
GOOGL,165.833255172232,2025-06-03
META,665.894854085739,2025-06-03
MSFT,461.331706358186,2025-06-03
NVDA,141.202143546051,2025-06-03
AMZN,207.23,2025-06-04
GOOGL,167.699353301803,2025-06-04
META,686.964632028619,2025-06-04
MSFT,462.228521563756,2025-06-04
NVDA,141.902055035091,2025-06-04
AMZN,207.91,2025-06-05
GOOGL,167.859019451926,2025-06-05
META,683.639401670809,2025-06-05
MSFT,466.025039267332,2025-06-05
NVDA,139.972299072452,2025-06-05
AMZN,213.57,2025-06-06
GOOGL,173.31760595928,2025-06-06
META,696.710652536794,2025-06-06
MSFT,468.715484884039,2025-06-06
NVDA,141.702080323936,2025-06-06
AMZN,216.98,2025-06-09
GOOGL,175.932139167556,2025-06-09
META,693.065880522979,2025-06-09
MSFT,471.077098258705,2025-06-09
NVDA,142.611965259688,2025-06-09
AMZN,217.61,2025-06-10
GOOGL,178.439889007471,2025-06-10
META,701.393934932628,2025-06-10
MSFT,469.253574007381,2025-06-10
NVDA,143.941797088864,2025-06-10
AMZN,213.2,2025-06-11
GOOGL,177.191009605123,2025-06-11
META,693.14576593698,2025-06-11
MSFT,470.947558284567,2025-06-11
NVDA,142.8219387064,2025-06-11
AMZN,213.24,2025-06-12
GOOGL,175.542488794023,2025-06-12
META,692.366883150466,2025-06-12
MSFT,477.175441656575,2025-06-12
NVDA,144.99181623208,2025-06-12
AMZN,212.1,2025-06-13
GOOGL,174.513412166489,2025-06-13
META,681.891908239527,2025-06-13
MSFT,473.279277819047,2025-06-13
NVDA,141.96198724461,2025-06-13
AMZN,216.1,2025-06-16
GOOGL,176.611529562433,2025-06-16
META,701.638584013008,2025-06-16
MSFT,477.444486218246,2025-06-16
NVDA,144.681833728412,2025-06-16
AMZN,214.82,2025-06-17
GOOGL,175.792264674493,2025-06-17
META,696.751936893109,2025-06-17
MSFT,476.348378744773,2025-06-17
NVDA,144.111865899086,2025-06-17
AMZN,212.52,2025-06-18
GOOGL,173.164622411953,2025-06-18
META,695.292937957515,2025-06-18
MSFT,478.54059369172,2025-06-18
NVDA,145.471789140987,2025-06-18
AMZN,209.69,2025-06-20
GOOGL,166.490610885806,2025-06-20
META,681.882139522127,2025-06-20
MSFT,475.710643487479,2025-06-20
NVDA,143.841881137826,2025-06-20
AMZN,208.47,2025-06-23
GOOGL,165.041910779082,2025-06-23
META,698.051045534391,2025-06-23
MSFT,484.280211007362,2025-06-23
NVDA,144.161863077097,2025-06-23
AMZN,212.77,2025-06-24
GOOGL,166.62049434365,2025-06-24
META,711.711672554641,2025-06-24
MSFT,488.375667112795,2025-06-24
NVDA,147.891652556722,2025-06-24
AMZN,211.99,2025-06-25
GOOGL,170.526989114194,2025-06-25
META,708.194086079785,2025-06-25
MSFT,490.528023606161,2025-06-25
NVDA,154.30129077774,2025-06-25
AMZN,217.12,2025-06-26
GOOGL,173.384425186766,2025-06-26
META,725.592148729569,2025-06-26
MSFT,495.689693344882,2025-06-26
NVDA,155.011250705497,2025-06-26
AMZN,223.3,2025-06-27
GOOGL,178.369951760939,2025-06-27
META,733.126978849004,2025-06-27
MSFT,494.185036722204,2025-06-27
NVDA,157.741096624901,2025-06-27
AMZN,219.39,2025-06-30
GOOGL,176.072013660619,2025-06-30
META,737.583920802941,2025-06-30
MSFT,495.649834891301,2025-06-30
NVDA,157.981083079354,2025-06-30
AMZN,220.46,2025-07-01
GOOGL,175.682363287086,2025-07-01
META,718.726859217563,2025-07-01
MSFT,490.308802111466,2025-07-01
NVDA,153.291347781917,2025-07-01
AMZN,219.92,2025-07-02
GOOGL,178.479853148346,2025-07-02
META,713.080733199684,2025-07-02
MSFT,489.352199225526,2025-07-02
NVDA,157.241124844791,2025-07-02
AMZN,223.41,2025-07-03
GOOGL,179.369055282817,2025-07-03
META,718.517003206279,2025-07-03
MSFT,497.074774606816,2025-07-03
NVDA,159.331006885653,2025-07-03
AMZN,223.47,2025-07-07
GOOGL,176.631511632871,2025-07-07
META,717.857455742244,2025-07-07
MSFT,495.958737906552,2025-07-07
NVDA,158.23106896941,2025-07-07
AMZN,219.36,2025-07-08
GOOGL,174.203690074707,2025-07-08
META,720.175865009762,2025-07-08
MSFT,494.862630433079,2025-07-08
NVDA,159.990969635399,2025-07-08
AMZN,222.54,2025-07-09
GOOGL,176.461664034152,2025-07-09
META,732.277561660474,2025-07-09
MSFT,501.728249062381,2025-07-09
NVDA,162.870807088836,2025-07-09
AMZN,222.26,2025-07-10
GOOGL,177.46076755603,2025-07-10
META,726.741360219934,2025-07-10
MSFT,499.705432543153,2025-07-10
NVDA,164.090738232306,2025-07-10
AMZN,225.02,2025-07-11
GOOGL,180.028463607257,2025-07-11
META,717.018031697108,2025-07-11
MSFT,501.538921407872,2025-07-11
NVDA,164.910691951688,2025-07-11
AMZN,225.69,2025-07-14
GOOGL,181.397235432231,2025-07-14
META,720.425693594624,2025-07-14
MSFT,501.239983006015,2025-07-14
NVDA,164.0607399255,2025-07-14
AMZN,226.35,2025-07-15
GOOGL,181.836840981857,2025-07-15
META,709.90291360024,2025-07-15
MSFT,504.030074756675,2025-07-15
NVDA,170.690365729766,2025-07-15
AMZN,223.19,2025-07-16
GOOGL,182.805971398079,2025-07-16
META,702.428042341172,2025-07-16
MSFT,503.830782488771,2025-07-16
NVDA,171.360327915115,2025-07-16
AMZN,223.88,2025-07-17
GOOGL,183.415424546425,2025-07-17
META,700.929070832,2025-07-17
MSFT,509.88926743306,2025-07-17
NVDA,172.990235918275,2025-07-17
AMZN,226.13,2025-07-18
GOOGL,184.894097758805,2025-07-18
META,703.797102986215,2025-07-18
MSFT,508.24510622285,2025-07-18
NVDA,172.400269217745,2025-07-18
AMZN,229.3,2025-07-21
GOOGL,189.929579509071,2025-07-21
META,712.476148024318,2025-07-21
MSFT,508.255070836245,2025-07-21
NVDA,171.370327350717,2025-07-21
AMZN,227.47,2025-07-22
GOOGL,191.168467876201,2025-07-22
META,704.326739586122,2025-07-22
MSFT,503.482021019938,2025-07-22
NVDA,167.020572863754,2025-07-22
AMZN,228.29,2025-07-23
GOOGL,190.059462966916,2025-07-23
META,713.090726343078,2025-07-23
MSFT,504.079897823651,2025-07-23
NVDA,170.770361214584,2025-07-23
AMZN,232.23,2025-07-24
GOOGL,191.99772379936,2025-07-24
META,714.309889837205,2025-07-24
MSFT,509.072169134653,2025-07-24
NVDA,173.730194152839,2025-07-24
AMZN,231.44,2025-07-25
GOOGL,193.006818356457,2025-07-25
META,712.191343437575,2025-07-25
MSFT,511.892154725498,2025-07-25
NVDA,173.490207698386,2025-07-25
AMZN,232.79,2025-07-28
GOOGL,192.40735624333,2025-07-28
META,717.137949417842,2025-07-28
MSFT,510.686436504677,2025-07-28
NVDA,176.740024269105,2025-07-28
AMZN,231.01,2025-07-29
GOOGL,195.574514407684,2025-07-29
META,699.520037613379,2025-07-29
MSFT,510.756188798444,2025-07-29
NVDA,175.500094254431,2025-07-29
AMZN,230.19,2025-07-30
GOOGL,196.353815154749,2025-07-30
META,694.733321927425,2025-07-30
MSFT,511.423817895923,2025-07-30
NVDA,179.259882040862,2025-07-30
AMZN,234.11,2025-07-31
GOOGL,191.727965848452,2025-07-31
META,772.909682702417,2025-07-31
MSFT,531.612124634625,2025-07-31
NVDA,177.859961056553,2025-07-31
AMZN,214.75,2025-08-01
GOOGL,188.96044909285,2025-08-01
META,749.495747729158,2025-08-01
MSFT,522.25535265652,2025-08-01
NVDA,173.710195281635,2025-08-01
AMZN,211.65,2025-08-04
GOOGL,194.86515090715,2025-08-04
META,775.837673716999,2025-08-04
MSFT,533.744551901201,2025-08-04
NVDA,179.989840839824,2025-08-04
AMZN,213.75,2025-08-05
GOOGL,194.495482604055,2025-08-05
META,762.936525594729,2025-08-05
MSFT,525.882471932378,2025-08-05
NVDA,178.249939045039,2025-08-05
AMZN,222.31,2025-08-06
GOOGL,195.914209605123,2025-08-06
META,771.460676910218,2025-08-06
MSFT,523.082415568323,2025-08-06
NVDA,179.409873574896,2025-08-06
AMZN,223.13,2025-08-07
GOOGL,196.34382411953,2025-08-07
META,761.307643221429,2025-08-07
MSFT,518.996924076285,2025-08-07
NVDA,180.759797381194,2025-08-07
AMZN,222.69,2025-08-08
GOOGL,201.239431376734,2025-08-08
META,768.772521337103,2025-08-08
MSFT,520.192677683711,2025-08-08
NVDA,182.689688452421,2025-08-08
AMZN,221.3,2025-08-11
GOOGL,200.819807897545,2025-08-11
META,765.344873152798,2025-08-11
MSFT,519.92363312204,2025-08-11
NVDA,182.04972457388,2025-08-11
AMZN,221.47,2025-08-12
GOOGL,203.157710138741,2025-08-12
META,789.45832816367,2025-08-12
MSFT,527.367199328264,2025-08-12
NVDA,183.149662490123,2025-08-12
AMZN,224.56,2025-08-13
GOOGL,201.778947278549,2025-08-13
META,779.545129916349,2025-08-13
MSFT,518.73784412801,2025-08-13
NVDA,181.579751100576,2025-08-13
AMZN,230.98,2025-08-14
GOOGL,202.758068729989,2025-08-14
META,781.593724312217,2025-08-14
MSFT,520.6311206731,2025-08-14
NVDA,182.009726831471,2025-08-14
AMZN,231.03,2025-08-15
GOOGL,203.717208110993,2025-08-15
META,784.691598764505,2025-08-15
MSFT,518.329294978806,2025-08-15
NVDA,180.439815441923,2025-08-15
AMZN,231.49,2025-08-18
GOOGL,203.317566702241,2025-08-18
META,766.843844661969,2025-08-18
MSFT,515.270158666476,2025-08-18
NVDA,181.999727395869,2025-08-18
AMZN,228.01,2025-08-19
GOOGL,201.389296905016,2025-08-19
META,750.964739808146,2025-08-19
MSFT,507.966097047784,2025-08-19
NVDA,175.630086917259,2025-08-19
AMZN,223.81,2025-08-20
GOOGL,199.14131398079,2025-08-20
META,747.207317891822,2025-08-20
MSFT,503.930428622723,2025-08-20
NVDA,175.390100462806,2025-08-20
AMZN,221.95,2025-08-21
GOOGL,199.570928495197,2025-08-21
META,738.593228285783,2025-08-21
MSFT,503.282728752034,2025-08-21
NVDA,174.970124167513,2025-08-21
AMZN,228.84,2025-08-22
GOOGL,205.905244823906,2025-08-22
META,754.272470271717,2025-08-22
MSFT,506.267052405391,2025-08-22
NVDA,177.979954283779,2025-08-22
AMZN,227.94,2025-08-25
GOOGL,208.303093276414,2025-08-25
META,752.78349190594,2025-08-25
MSFT,503.30269078316,2025-08-25
NVDA,179.799851563382,2025-08-25
AMZN,228.71,2025-08-26
GOOGL,206.954303521878,2025-08-26
META,753.582943377499,2025-08-26
MSFT,501.08690532816,2025-08-26
NVDA,181.759740941416,2025-08-26
AMZN,229.12,2025-08-27
GOOGL,207.293998719317,2025-08-27
META,746.86755101641,2025-08-27
MSFT,505.777982642801,2025-08-27
NVDA,181.589750536178,2025-08-27
AMZN,231.6,2025-08-28
GOOGL,211.450269370331,2025-08-28
META,750.59499350255,2025-08-28
MSFT,508.67247715609,2025-08-28
NVDA,180.159831245062,2025-08-28
AMZN,229.0,2025-08-29
GOOGL,212.719130843116,2025-08-29
META,738.193502550004,2025-08-29
MSFT,505.728077564985,2025-08-29
NVDA,174.170169319336,2025-08-29
AMZN,225.34,2025-09-02
GOOGL,211.160529348986,2025-09-02
META,734.605964071387,2025-09-02
MSFT,504.161058121584,2025-09-02
NVDA,170.770361214584,2025-09-02
AMZN,225.99,2025-09-03
GOOGL,230.453218356457,2025-09-03
META,736.544633889916,2025-09-03
MSFT,504.390621479534,2025-09-03
NVDA,170.610370244949,2025-09-03
AMZN,235.68,2025-09-04
GOOGL,232.091748132337,2025-09-04
META,748.136680227509,2025-09-04
MSFT,507.005647557058,2025-09-04
NVDA,171.650311547579,2025-09-04
AMZN,232.33,2025-09-05
GOOGL,234.789327641409,2025-09-05
META,751.93407471741,2025-09-05
MSFT,494.060270371761,2025-09-05
NVDA,167.010573428152,2025-09-05
AMZN,235.84,2025-09-08
GOOGL,234.04,2025-09-08
META,751.784177566493,2025-09-08
MSFT,497.254195351942,2025-09-08
NVDA,168.300500620838,2025-09-08
AMZN,238.24,2025-09-09
GOOGL,239.63,2025-09-09
META,765.174989715092,2025-09-09
MSFT,497.463796678767,2025-09-09
NVDA,170.75036234338,2025-09-09
AMZN,230.33,2025-09-10
GOOGL,239.17,2025-09-10
META,751.46439697787,2025-09-10
MSFT,499.420075729128,2025-09-10
NVDA,177.319991534033,2025-09-10
AMZN,229.95,2025-09-11
GOOGL,240.37,2025-09-11
META,750.385137491266,2025-09-11
MSFT,500.058860725164,2025-09-11
NVDA,177.17,2025-09-11
AMZN,228.15,2025-09-12
GOOGL,240.8,2025-09-12
META,755.071921743276,2025-09-12
MSFT,508.931983560729,2025-09-12
NVDA,177.82,2025-09-12
AMZN,231.43,2025-09-15
GOOGL,251.61,2025-09-15
META,764.175675375644,2025-09-15
MSFT,514.381618058163,2025-09-15
NVDA,177.75,2025-09-15
AMZN,234.05,2025-09-16
GOOGL,251.16,2025-09-16
META,778.465870429746,2025-09-16
MSFT,508.073616222306,2025-09-16
NVDA,174.88,2025-09-16
AMZN,231.62,2025-09-17
GOOGL,249.53,2025-09-17
META,775.18312282466,2025-09-17
MSFT,509.051755747486,2025-09-17
NVDA,170.29,2025-09-17
AMZN,231.23,2025-09-18
GOOGL,252.03,2025-09-18
META,779.715013354055,2025-09-18
MSFT,507.484736304085,2025-09-18
NVDA,176.24,2025-09-18
AMZN,231.48,2025-09-19
GOOGL,254.72,2025-09-19
META,777.846295539288,2025-09-19
MSFT,516.946739057871,2025-09-19
NVDA,176.67,2025-09-19
AMZN,227.63,2025-09-22
GOOGL,252.53,2025-09-22
META,765.16,2025-09-22
MSFT,513.473345641924,2025-09-22
NVDA,183.61,2025-09-22
AMZN,220.71,2025-09-23
GOOGL,251.66,2025-09-23
META,755.4,2025-09-23
MSFT,508.263255518004,2025-09-23
NVDA,178.43,2025-09-23
AMZN,220.21,2025-09-24
GOOGL,247.14,2025-09-24
META,760.66,2025-09-24
MSFT,509.181508949806,2025-09-24
NVDA,176.97,2025-09-24
AMZN,218.15,2025-09-25
GOOGL,245.79,2025-09-25
META,748.91,2025-09-25
MSFT,506.067432094129,2025-09-25
NVDA,177.69,2025-09-25
AMZN,219.78,2025-09-26
GOOGL,246.54,2025-09-26
META,743.75,2025-09-26
MSFT,510.489021988568,2025-09-26
NVDA,178.19,2025-09-26
AMZN,222.17,2025-09-29
GOOGL,244.05,2025-09-29
META,743.4,2025-09-29
MSFT,513.62306087537,2025-09-29
NVDA,181.85,2025-09-29
AMZN,219.57,2025-09-30
GOOGL,243.1,2025-09-30
META,734.38,2025-09-30
MSFT,516.966701088997,2025-09-30
NVDA,186.58,2025-09-30
AMZN,220.63,2025-10-01
GOOGL,244.9,2025-10-01
META,717.34,2025-10-01
MSFT,518.723359828097,2025-10-01
NVDA,187.24,2025-10-01
AMZN,222.41,2025-10-02
GOOGL,245.69,2025-10-02
META,727.05,2025-10-02
MSFT,514.76089664956,2025-10-02
NVDA,188.89,2025-10-02
AMZN,219.51,2025-10-03
GOOGL,245.35,2025-10-03
META,710.56,2025-10-03
MSFT,516.367840155213,2025-10-03
NVDA,187.62,2025-10-03
AMZN,220.9,2025-10-06
GOOGL,250.43,2025-10-06
META,715.66,2025-10-06
MSFT,527.566539616973,2025-10-06
NVDA,185.54,2025-10-06
AMZN,221.78,2025-10-07
GOOGL,245.76,2025-10-07
META,713.08,2025-10-07
MSFT,522.985253473526,2025-10-07
NVDA,185.04,2025-10-07
AMZN,225.22,2025-10-08
GOOGL,244.62,2025-10-08
META,717.84,2025-10-08
MSFT,523.853601827513,2025-10-08
NVDA,189.11,2025-10-08
AMZN,227.74,2025-10-09
GOOGL,241.53,2025-10-09
META,733.51,2025-10-09
MSFT,521.408253014562,2025-10-09
NVDA,192.57,2025-10-09
AMZN,216.37,2025-10-10
GOOGL,236.57,2025-10-10
META,705.3,2025-10-10
MSFT,509.989971210414,2025-10-10
NVDA,183.16,2025-10-10
AMZN,220.07,2025-10-13
GOOGL,244.15,2025-10-13
META,715.7,2025-10-13
MSFT,513.074105019402,2025-10-13
NVDA,188.32,2025-10-13
AMZN,216.39,2025-10-14
GOOGL,245.45,2025-10-14
META,708.65,2025-10-14
MSFT,512.595016272375,2025-10-14
NVDA,180.03,2025-10-14
AMZN,215.57,2025-10-15
GOOGL,251.03,2025-10-15
META,717.55,2025-10-15
MSFT,512.455282054491,2025-10-15
NVDA,179.83,2025-10-15
AMZN,214.47,2025-10-16
GOOGL,251.46,2025-10-16
META,712.07,2025-10-16
MSFT,510.638737222014,2025-10-16
NVDA,181.81,2025-10-16
AMZN,213.04,2025-10-17
GOOGL,253.3,2025-10-17
META,716.915,2025-10-17
MSFT,512.604997287938,2025-10-17
NVDA,183.22,2025-10-17
AMZN,216.48,2025-10-20
GOOGL,256.55,2025-10-20
META,732.17,2025-10-20
MSFT,515.808903283682,2025-10-20
NVDA,182.64,2025-10-20
AMZN,222.03,2025-10-21
GOOGL,250.46,2025-10-21
META,733.27,2025-10-21
MSFT,516.677251637668,2025-10-21
NVDA,181.16,2025-10-21
AMZN,217.95,2025-10-22
GOOGL,251.69,2025-10-22
META,733.41,2025-10-22
MSFT,519.551784119831,2025-10-22
NVDA,180.28,2025-10-22
AMZN,221.09,2025-10-23
GOOGL,253.08,2025-10-23
META,734.0,2025-10-23
MSFT,519.571746150957,2025-10-23
NVDA,182.16,2025-10-23
AMZN,224.21,2025-10-24
GOOGL,259.92,2025-10-24
META,738.36,2025-10-24
MSFT,522.615955897693,2025-10-24
NVDA,186.26,2025-10-24
AMZN,226.97,2025-10-27
GOOGL,269.27,2025-10-27
META,750.82,2025-10-27
MSFT,530.510939208078,2025-10-27
NVDA,191.49,2025-10-27
AMZN,229.25,2025-10-28
GOOGL,267.47,2025-10-28
META,751.44,2025-10-28
MSFT,541.040910627112,2025-10-28
NVDA,201.03,2025-10-28
AMZN,230.3,2025-10-29
GOOGL,274.57,2025-10-29
META,751.67,2025-10-29
MSFT,540.521897817833,2025-10-29
NVDA,207.04,2025-10-29
AMZN,222.86,2025-10-30
GOOGL,281.48,2025-10-30
META,666.47,2025-10-30
MSFT,524.761874243752,2025-10-30
NVDA,202.89,2025-10-30
AMZN,244.22,2025-10-31
GOOGL,281.19,2025-10-31
META,648.35,2025-10-31
MSFT,516.826966871114,2025-10-31
NVDA,202.49,2025-10-31
AMZN,254.0,2025-11-03
GOOGL,283.72,2025-11-03
META,637.71,2025-11-03
MSFT,516.048447657195,2025-11-03
NVDA,206.88,2025-11-03
AMZN,249.32,2025-11-04
GOOGL,277.54,2025-11-04
META,627.32,2025-11-04
MSFT,513.353573455168,2025-11-04
NVDA,198.69,2025-11-04
AMZN,250.2,2025-11-05
GOOGL,284.31,2025-11-05
META,635.95,2025-11-05
MSFT,506.197185296449,2025-11-05
NVDA,195.21,2025-11-05
AMZN,243.04,2025-11-06
GOOGL,284.75,2025-11-06
META,618.94,2025-11-06
MSFT,496.156283640005,2025-11-06
NVDA,188.08,2025-11-06
AMZN,244.41,2025-11-07
GOOGL,278.83,2025-11-07
META,621.71,2025-11-07
MSFT,495.876815204239,2025-11-07
NVDA,188.15,2025-11-07
AMZN,248.4,2025-11-10
GOOGL,290.1,2025-11-10
META,631.76,2025-11-10
MSFT,505.039387491134,2025-11-10
NVDA,199.05,2025-11-10
AMZN,249.1,2025-11-11
GOOGL,291.31,2025-11-11
META,627.08,2025-11-11
MSFT,507.714299662035,2025-11-11
NVDA,193.16,2025-11-11
AMZN,244.2,2025-11-12
GOOGL,286.71,2025-11-12
META,609.01,2025-11-12
MSFT,510.169629490549,2025-11-12
NVDA,193.8,2025-11-12
AMZN,237.58,2025-11-13
GOOGL,278.57,2025-11-13
META,609.89,2025-11-13
MSFT,502.334532273543,2025-11-13
NVDA,186.86,2025-11-13
AMZN,234.69,2025-11-14
GOOGL,276.41,2025-11-14
META,609.46,2025-11-14
MSFT,509.211451996495,2025-11-14
NVDA,190.17,2025-11-14
AMZN,232.87,2025-11-17
GOOGL,285.02,2025-11-17
META,602.01,2025-11-17
MSFT,506.52655881003,2025-11-17
NVDA,186.6,2025-11-17
AMZN,222.55,2025-11-18
GOOGL,284.28,2025-11-18
META,597.69,2025-11-18
MSFT,492.85256748863,2025-11-18
NVDA,181.36,2025-11-18
AMZN,222.69,2025-11-19
GOOGL,292.81,2025-11-19
META,590.32,2025-11-19
MSFT,486.195230108065,2025-11-19
NVDA,186.52,2025-11-19
AMZN,217.14,2025-11-20
GOOGL,289.45,2025-11-20
META,589.15,2025-11-20
MSFT,478.43,2025-11-20
NVDA,180.64,2025-11-20
AMZN,220.69,2025-11-21
GOOGL,299.66,2025-11-21
META,594.25,2025-11-21
MSFT,472.12,2025-11-21
NVDA,178.88,2025-11-21
AMZN,226.28,2025-11-24
GOOGL,318.58,2025-11-24
META,613.05,2025-11-24
MSFT,474.0,2025-11-24
NVDA,182.55,2025-11-24
AMZN,229.67,2025-11-25
GOOGL,323.44,2025-11-25
META,636.22,2025-11-25
MSFT,476.99,2025-11-25
NVDA,177.82,2025-11-25
AMZN,229.16,2025-11-26
GOOGL,319.95,2025-11-26
META,633.61,2025-11-26
MSFT,485.5,2025-11-26
NVDA,180.26,2025-11-26
AMD,64.02,2023-01-03
AVGO,53.0177751561493,2023-01-03
MA,340.811595587493,2023-01-03
TSM,70.8724979412043,2023-01-03
UBER,25.36,2023-01-03
AMD,64.66,2023-01-04
AVGO,53.6653146518051,2023-01-04
MA,349.017411109856,2023-01-04
TSM,73.0648256500434,2023-01-04
UBER,25.91,2023-01-04
AMD,62.33,2023-01-05
AVGO,53.1652915501301,2023-01-05
MA,345.695775604995,2023-01-05
TSM,72.4999901268054,2023-01-05
UBER,25.55,2023-01-05
AMD,63.96,2023-01-06
AVGO,56.3656309805828,2023-01-06
MA,361.881378198207,2023-01-06
TSM,74.740185252868,2023-01-06
UBER,26.4,2023-01-06
AMD,67.24,2023-01-09
AVGO,55.2602159243893,2023-01-09
MA,365.129422770933,2023-01-09
TSM,76.8846455444836,2023-01-09
UBER,27.4,2023-01-09
AMD,68.05,2023-01-10
AVGO,55.0724677865956,2023-01-10
MA,365.168793008178,2023-01-10
TSM,77.8036999551759,2023-01-10
UBER,28.04,2023-01-10
AMD,69.06,2023-01-11
AVGO,55.3799532571659,2023-01-11
MA,371.910946136412,2023-01-11
TSM,78.2919476108563,2023-01-11
UBER,28.35,2023-01-11
AMD,70.8,2023-01-12
AVGO,55.7439547488067,2023-01-12
MA,373.830245202114,2023-01-12
TSM,83.289305968996,2023-01-12
UBER,29.03,2023-01-12
AMD,71.0,2023-01-13
AVGO,55.4623325421162,2023-01-13
MA,369.60778725757,2023-01-13
TSM,83.0978363001018,2023-01-13
UBER,29.44,2023-01-13
AMD,71.59,2023-01-17
AVGO,55.4853221100093,2023-01-17
MA,369.095974173383,2023-01-17
TSM,85.1944291744937,2023-01-17
UBER,29.2,2023-01-17
AMD,70.53,2023-01-18
AVGO,55.011162272214,2023-01-18
MA,363.111698112119,2023-01-18
TSM,85.6539563798399,2023-01-18
UBER,28.96,2023-01-18
AMD,67.71,2023-01-19
AVGO,53.9507684531445,2023-01-19
MA,362.147127299612,2023-01-19
TSM,84.6295936512557,2023-01-19
UBER,29.03,2023-01-19
AMD,70.07,2023-01-20
AVGO,54.6749398417773,2023-01-20
MA,370.355821765228,2023-01-20
TSM,87.147419797215,2023-01-20
UBER,30.36,2023-01-20
AMD,76.53,2023-01-23
AVGO,55.7142598902781,2023-01-23
MA,372.609767847514,2023-01-23
TSM,91.5799426321168,2023-01-23
UBER,30.53,2023-01-23
AMD,74.7,2023-01-24
AVGO,56.0399454354304,2023-01-24
MA,374.02709638834,2023-01-24
TSM,90.5268594531984,2023-01-24
UBER,29.93,2023-01-24
AMD,74.91,2023-01-25
AVGO,56.1022088484743,2023-01-25
MA,376.369625504427,2023-01-25
TSM,88.4685605125853,2023-01-25
UBER,30.29,2023-01-25
AMD,75.16,2023-01-26
AVGO,57.3378981227287,2023-01-26
MA,371.300707459112,2023-01-26
TSM,89.4642027908354,2023-01-26
UBER,30.02,2023-01-26
AMD,75.4,2023-01-27
AVGO,56.6108530381092,2023-01-27
MA,368.141245920188,2023-01-27
TSM,89.3206005391647,2023-01-27
UBER,30.36,2023-01-27
AMD,72.45,2023-01-30
AVGO,55.6970177143583,2023-01-30
MA,365.277061160603,2023-01-30
TSM,89.1578513206046,2023-01-30
UBER,29.63,2023-01-30
AMD,75.15,2023-01-31
AVGO,56.038029638106,2023-01-31
MA,364.765248076415,2023-01-31
TSM,88.7749119828161,2023-01-31
UBER,30.93,2023-01-31
AMD,84.64,2023-02-01
AVGO,57.7373418648714,2023-02-01
MA,368.190458716744,2023-02-01
TSM,90.6991821552032,2023-02-01
UBER,31.49,2023-02-01
AMD,88.31,2023-02-02
AVGO,58.0266272608596,2023-02-02
MA,369.036918817515,2023-02-02
TSM,92.5277174931433,2023-02-02
UBER,33.05,2023-02-02
AMD,86.09,2023-02-03
AVGO,57.2459398511563,2023-02-03
MA,368.023135208453,2023-02-03
TSM,90.6225942876455,2023-02-03
UBER,33.09,2023-02-03
AMD,83.68,2023-02-06
AVGO,57.5984465588505,2023-02-06
MA,367.097934633191,2023-02-06
TSM,87.913298472792,2023-02-06
UBER,33.9,2023-02-06
AMD,85.91,2023-02-07
AVGO,58.8580832996603,2023-02-07
MA,369.155029529251,2023-02-07
TSM,90.5172859697537,2023-02-07
UBER,34.9,2023-02-07
AMD,84.69,2023-02-08
AVGO,57.6377204040013,2023-02-08
MA,364.519184093633,2023-02-08
TSM,90.2588019167465,2023-02-08
UBER,36.83,2023-02-08
AMD,83.21,2023-02-09
AVGO,57.4174037116923,2023-02-09
MA,364.588082008812,2023-02-09
TSM,92.5660114269221,2023-02-09
UBER,35.89,2023-02-09
AMD,81.48,2023-02-10
AVGO,56.8273381357693,2023-02-10
MA,361.054603216059,2023-02-10
TSM,91.3023116122201,2023-02-10
UBER,34.3,2023-02-10
AMD,83.13,2023-02-13
AVGO,57.5812043829307,2023-02-13
MA,364.991626940575,2023-02-13
TSM,92.0107493871288,2023-02-13
UBER,33.44,2023-02-13
AMD,85.95,2023-02-14
AVGO,57.695194323734,2023-02-14
MA,364.135324280493,2023-02-14
TSM,93.7818438244006,2023-02-14
UBER,35.23,2023-02-14
AMD,85.18,2023-02-15
AVGO,58.2105438040045,2023-02-15
MA,363.820362382532,2023-02-15
TSM,88.8036324331502,2023-02-15
UBER,36.23,2023-02-15
AMD,80.08,2023-02-16
AVGO,57.5256462605224,2023-02-16
MA,361.763267486472,2023-02-16
TSM,86.9463766448761,2023-02-16
UBER,36.22,2023-02-16
AMD,78.5,2023-02-17
AVGO,57.0514864227271,2023-02-17
MA,355.444344408624,2023-02-17
TSM,86.2570858368568,2023-02-17
UBER,34.77,2023-02-17
AMD,76.77,2023-02-21
AVGO,55.7056388023182,2023-02-21
MA,350.355741244687,2023-02-21
TSM,83.9020089094576,2023-02-21
UBER,34.2,2023-02-21
AMD,76.61,2023-02-22
AVGO,55.19124722071,2023-02-22
MA,349.381327872869,2023-02-22
TSM,83.1265567504359,2023-02-22
UBER,34.54,2023-02-22
AMD,79.75,2023-02-23
AVGO,55.9221238999783,2023-02-23
MA,349.932511194301,2023-02-23
TSM,86.2379388699674,2023-02-23
UBER,34.47,2023-02-23
AMD,78.09,2023-02-24
AVGO,55.3425952093396,2023-02-24
MA,347.56045440028,2023-02-24
TSM,84.3519626313591,2023-02-24
UBER,33.4,2023-02-24
AMD,78.77,2023-02-27
AVGO,56.0801771792434,2023-02-27
MA,349.883298397745,2023-02-27
TSM,83.5765104723374,2023-02-27
UBER,33.55,2023-02-27
AMD,78.58,2023-02-28
AVGO,56.9269595966394,2023-02-28
MA,349.69628977083,2023-02-28
TSM,83.356320353109,2023-02-28
UBER,33.26,2023-02-28
AMD,78.29,2023-03-01
AVGO,56.8579908929601,2023-03-01
MA,347.934471654109,2023-03-01
TSM,84.6487406181451,2023-03-01
UBER,32.99,2023-03-01
AMD,80.44,2023-03-02
AVGO,57.3446034133642,2023-03-02
MA,349.971881431546,2023-03-02
TSM,85.2327231082726,2023-03-02
UBER,33.69,2023-03-02
AMD,81.52,2023-03-03
AVGO,60.6119957501717,2023-03-03
MA,355.808519103141,2023-03-03
TSM,85.9603078500707,2023-03-03
UBER,34.57,2023-03-03
AMD,81.16,2023-03-06
AVGO,60.6273221287671,2023-03-06
MA,361.153028809172,2023-03-06
TSM,85.7592646977318,2023-03-06
UBER,33.88,2023-03-06
AMD,82.11,2023-03-07
AVGO,59.8830348682279,2023-03-07
MA,354.27307985058,2023-03-07
TSM,85.0604004062678,2023-03-07
UBER,34.14,2023-03-07
AMD,85.37,2023-03-08
AVGO,60.5641008170611,2023-03-08
MA,353.377406953253,2023-03-08
TSM,86.9559501283208,2023-03-08
UBER,34.01,2023-03-08
AMD,84.03,2023-03-09
AVGO,59.6311075200659,2023-03-09
MA,348.85967222937,2023-03-09
TSM,85.0891208566019,2023-03-09
UBER,32.32,2023-03-09
AMD,82.67,2023-03-10
AVGO,58.8944834488243,2023-03-10
MA,341.645076254195,2023-03-10
TSM,83.5286430551138,2023-03-10
UBER,31.11,2023-03-10
AMD,82.01,2023-03-13
AVGO,59.0515788294272,2023-03-13
MA,339.282862019485,2023-03-13
TSM,83.9977437439047,2023-03-13
UBER,30.82,2023-03-13
AMD,87.45,2023-03-14
AVGO,60.5832587903054,2023-03-14
MA,347.265177620941,2023-03-14
TSM,85.4816336778351,2023-03-14
UBER,32.36,2023-03-14
AMD,89.68,2023-03-15
AVGO,59.9682878491648,2023-03-15
MA,342.59980450739,2023-03-15
TSM,83.0021014656546,2023-03-15
UBER,31.97,2023-03-15
AMD,96.6,2023-03-16
AVGO,60.9702498498393,2023-03-16
MA,342.5210640329,2023-03-16
TSM,85.9208545674467,2023-03-16
UBER,32.73,2023-03-16
AMD,97.84,2023-03-17
AVGO,60.4405318896357,2023-03-17
MA,344.154928878574,2023-03-17
TSM,86.0844217038013,2023-03-17
UBER,31.78,2023-03-17
AMD,96.81,2023-03-20
AVGO,61.6608947852947,2023-03-20
MA,343.82028186199,2023-03-20
TSM,86.632852690402,2023-03-20
UBER,31.93,2023-03-20
AMD,95.93,2023-03-21
AVGO,61.4348307010125,2023-03-21
MA,348.987625500417,2023-03-21
TSM,88.9997653694157,2023-03-21
UBER,32.86,2023-03-21
AMD,97.58,2023-03-22
AVGO,60.8723413991092,2023-03-22
MA,345.50335950422,2023-03-22
TSM,89.1152245244895,2023-03-22
UBER,31.52,2023-03-22
AMD,100.28,2023-03-23
AVGO,61.6741057385288,2023-03-23
MA,348.790774314191,2023-03-23
TSM,91.0106789869517,2023-03-23
UBER,31.18,2023-03-23
AMD,97.95,2023-03-24
AVGO,61.378871216432,2023-03-24
MA,346.093913062898,2023-03-24
TSM,89.2787916608441,2023-03-24
UBER,30.75,2023-03-24
AMD,96.61,2023-03-27
AVGO,60.4786953696469,2023-03-27
MA,349.036838296974,2023-03-27
TSM,87.2293916582835,2023-03-27
UBER,30.62,2023-03-27
AMD,94.56,2023-03-28
AVGO,60.2722241679191,2023-03-28
MA,348.751404076946,2023-03-28
TSM,87.3737156021258,2023-03-28
UBER,30.07,2023-03-28
AMD,96.09,2023-03-29
AVGO,60.3494096638921,2023-03-29
MA,353.869534918817,2023-03-29
TSM,89.2499268720757,2023-03-29
UBER,30.87,2023-03-29
AMD,97.88,2023-03-30
AVGO,61.1453850911137,2023-03-30
MA,353.603785817412,2023-03-30
TSM,88.9709005806472,2023-03-30
UBER,31.19,2023-03-30
AMD,98.01,2023-03-31
AVGO,61.8969788581508,2023-03-31
MA,357.688447931598,2023-03-31
TSM,89.5000883747356,2023-03-31
UBER,31.7,2023-03-31
AMD,96.56,2023-04-03
AVGO,61.9867069972194,2023-04-03
MA,360.700271080853,2023-04-03
TSM,89.3268996421249,2023-04-03
UBER,31.46,2023-04-03
AMD,95.87,2023-04-04
AVGO,61.2090631252914,2023-04-04
MA,358.170733337851,2023-04-04
TSM,88.6822526929626,2023-04-04
UBER,31.39,2023-04-04
AMD,92.56,2023-04-05
AVGO,60.6880610274737,2023-04-05
MA,358.62349106617,2023-04-05
TSM,86.7867982305005,2023-04-05
UBER,31.12,2023-04-05
AMD,92.47,2023-04-06
AVGO,60.0734715157886,2023-04-06
MA,356.336439472467,2023-04-06
TSM,86.8252846155251,2023-04-06
UBER,31.18,2023-04-06
AMD,95.48,2023-04-10
AVGO,60.5317603981283,2023-04-10
MA,355.02532799849,2023-04-10
TSM,85.6514498722744,2023-04-10
UBER,31.74,2023-04-10
AMD,94.03,2023-04-11
AVGO,59.9702359149247,2023-04-11
MA,358.95866242042,2023-04-11
TSM,85.8631249899098,2023-04-11
UBER,31.12,2023-04-11
AMD,92.33,2023-04-12
AVGO,59.5003692081891,2023-04-12
MA,356.642036883694,2023-04-12
TSM,83.5828066772015,2023-04-12
UBER,30.59,2023-04-12
AMD,92.09,2023-04-13
AVGO,60.2278425077346,2023-04-13
MA,364.400267936474,2023-04-13
TSM,83.7559954098123,2023-04-13
UBER,31.44,2023-04-13
AMD,91.75,2023-04-14
AVGO,59.7743777188932,2023-04-14
MA,367.140786656516,2023-04-14
TSM,83.9003193536546,2023-04-14
UBER,31.48,2023-04-14
AMD,89.87,2023-04-17
AVGO,60.5288659420293,2023-04-17
MA,367.466100029758,2023-04-17
TSM,84.6604254578907,2023-04-17
UBER,32.08,2023-04-17
AMD,89.78,2023-04-18
AVGO,61.007416017062,2023-04-18
MA,367.032348865435,2023-04-18
TSM,84.804749401733,2023-04-18
UBER,31.73,2023-04-18
AMD,89.94,2023-04-19
AVGO,61.2177464935884,2023-04-19
MA,367.505531953787,2023-04-19
TSM,83.929184142423,2023-04-19
UBER,32.04,2023-04-19
AMD,90.11,2023-04-20
AVGO,61.0749533260383,2023-04-20
MA,369.674287775403,2023-04-20
TSM,85.9112329711906,2023-04-20
UBER,31.5,2023-04-20
AMD,88.43,2023-04-21
AVGO,61.0633755016424,2023-04-21
MA,369.910879319579,2023-04-21
TSM,82.1395672387786,2023-04-21
UBER,30.83,2023-04-21
AMD,87.57,2023-04-24
AVGO,61.221605768387,2023-04-24
MA,369.408122288205,2023-04-24
TSM,81.4371907120794,2023-04-24
UBER,30.68,2023-04-24
AMD,83.8,2023-04-25
AVGO,60.0136527564095,2023-04-25
MA,363.296174063651,2023-04-25
TSM,79.1761155918834,2023-04-25
UBER,29.59,2023-04-25
AMD,85.94,2023-04-26
AVGO,59.4511634545063,2023-04-26
MA,361.551311425352,2023-04-26
TSM,79.1376292068588,2023-04-26
UBER,29.68,2023-04-26
AMD,87.44,2023-04-27
AVGO,59.6653532058314,2023-04-27
MA,368.363176301426,2023-04-27
TSM,80.5038958752325,2023-04-27
UBER,29.7,2023-04-27
AMD,89.37,2023-04-28
AVGO,60.4458915338584,2023-04-28
MA,374.632852222097,2023-04-28
TSM,81.1100564393702,2023-04-28
UBER,31.05,2023-04-28
AMD,89.69,2023-05-01
AVGO,61.550608944972,2023-05-01
MA,374.465266544972,2023-05-01
TSM,80.8021653591733,2023-05-01
UBER,32.74,2023-05-01
AMD,89.91,2023-05-02
AVGO,59.0797082551362,2023-05-02
MA,370.689659819159,2023-05-02
TSM,79.8207625410457,2023-05-02
UBER,36.52,2023-05-02
AMD,81.62,2023-05-03
AVGO,59.1626826633072,2023-05-03
MA,369.57570796533,2023-05-03
TSM,79.5706010383857,2023-05-03
UBER,37.84,2023-05-03
AMD,86.61,2023-05-04
AVGO,58.8693777786098,2023-05-04
MA,370.778381648226,2023-05-04
TSM,80.3307071426218,2023-05-04
UBER,37.49,2023-05-04
AMD,89.84,2023-05-05
AVGO,60.7951559031362,2023-05-05
MA,379.197097428498,2023-05-05
TSM,81.7547033885324,2023-05-05
UBER,37.75,2023-05-05
AMD,95.04,2023-05-08
AVGO,60.692885120972,2023-05-08
MA,380.035025814122,2023-05-08
TSM,82.3031343751332,2023-05-08
UBER,38.83,2023-05-08
AMD,95.06,2023-05-09
AVGO,59.675001392828,2023-05-09
MA,377.501524695234,2023-05-09
TSM,81.8412977548378,2023-05-09
UBER,38.19,2023-05-09
AMD,97.02,2023-05-10
AVGO,60.4237007037661,2023-05-10
MA,377.107205454941,2023-05-10
TSM,81.6873522147394,2023-05-10
UBER,38.79,2023-05-10
AMD,97.1,2023-05-11
AVGO,60.5587753217189,2023-05-11
MA,377.945133840565,2023-05-11
TSM,80.2729775650849,2023-05-11
UBER,38.42,2023-05-11
AMD,95.26,2023-05-12
AVGO,60.8945322292014,2023-05-12
MA,376.496010632485,2023-05-12
TSM,80.2729775650849,2023-05-12
UBER,38.45,2023-05-12
AMD,97.4,2023-05-15
AVGO,61.7291004044095,2023-05-15
MA,377.964849802579,2023-05-15
TSM,82.418593530207,2023-05-15
UBER,38.14,2023-05-15
AMD,101.48,2023-05-16
AVGO,61.8873306711542,2023-05-16
MA,374.839869823251,2023-05-16
TSM,82.6302686478424,2023-05-16
UBER,37.44,2023-05-16
AMD,103.75,2023-05-17
AVGO,63.4339350467133,2023-05-17
MA,381.503864984216,2023-05-17
TSM,87.4410667759189,2023-05-17
UBER,37.84,2023-05-17
AMD,107.93,2023-05-18
AVGO,65.4050596501238,2023-05-18
MA,386.452571449903,2023-05-18
TSM,89.144089313258,2023-05-18
UBER,39.25,2023-05-18
AMD,105.82,2023-05-19
AVGO,65.824755784477,2023-05-19
MA,380.094173700166,2023-05-19
TSM,89.0767381394649,2023-05-19
UBER,39.18,2023-05-19
AMD,108.0,2023-05-22
AVGO,65.450406129008,2023-05-22
MA,379.068943675402,2023-05-22
TSM,88.2492808614358,2023-05-22
UBER,39.17,2023-05-22
AMD,108.12,2023-05-23
AVGO,66.2348037318336,2023-05-23
MA,368.442040149485,2023-05-23
TSM,87.0177165406482,2023-05-23
UBER,38.66,2023-05-23
AMD,108.27,2023-05-24
AVGO,65.5623250981688,2023-05-24
MA,363.266600120629,2023-05-24
TSM,86.7194470567074,2023-05-24
UBER,37.96,2023-05-24
AMD,120.35,2023-05-25
AVGO,70.3159868314062,2023-05-25
MA,364.78472919576,2023-05-25
TSM,97.130014205865,2023-05-25
UBER,37.95,2023-05-25
AMD,127.03,2023-05-26
AVGO,78.4137101776739,2023-05-26
MA,369.05323497194,2023-05-26
TSM,99.3044949597556,2023-05-26
UBER,38.45,2023-05-26
AMD,125.27,2023-05-30
AVGO,77.5077454186908,2023-05-30
MA,362.280802019895,2023-05-30
TSM,98.1210386202488,2023-05-30
UBER,37.56,2023-05-30
AMD,118.21,2023-05-31
AVGO,77.9534916579349,2023-05-31
MA,359.836022730074,2023-05-31
TSM,94.8593174894129,2023-05-31
UBER,37.93,2023-05-31
AMD,119.47,2023-06-01
AVGO,76.2158531798426,2023-06-01
MA,365.612799600377,2023-06-01
TSM,95.0998573958167,2023-06-01
UBER,38.48,2023-06-01
AMD,117.86,2023-06-02
AVGO,78.3432784125985,2023-06-02
MA,368.42232418747,2023-06-02
TSM,95.1960733583782,2023-06-02
UBER,39.73,2023-06-02
AMD,117.93,2023-06-05
AVGO,77.4074042739259,2023-06-05
MA,365.257912284113,2023-06-05
TSM,94.3397512915806,2023-06-05
UBER,40.42,2023-06-05
AMD,124.23,2023-06-06
AVGO,76.2206772733409,2023-06-06
MA,374.563846355046,2023-06-06
TSM,96.0427738289197,2023-06-06
UBER,40.25,2023-06-06
AMD,117.83,2023-06-07
AVGO,76.4744245913522,2023-06-07
MA,366.115556631752,2023-06-07
TSM,96.4949888529589,2023-06-07
UBER,38.99,2023-06-07
AMD,121.05,2023-06-08
AVGO,77.5907198268618,2023-06-08
MA,362.369523848961,2023-06-08
TSM,96.1582329839936,2023-06-08
UBER,40.26,2023-06-08
AMD,124.92,2023-06-09
AVGO,77.6312422122476,2023-06-09
MA,363.976374753158,2023-06-09
TSM,98.9100095132533,2023-06-09
UBER,40.99,2023-06-09
AMD,129.19,2023-06-12
AVGO,82.5267322943353,2023-06-12
MA,369.979885186631,2023-06-12
TSM,103.008809518375,2023-06-12
UBER,41.74,2023-06-12
AMD,124.53,2023-06-13
AVGO,82.1176491656784,2023-06-13
MA,366.105698650745,2023-06-13
TSM,102.758648015715,2023-06-13
UBER,41.41,2023-06-13
AMD,127.33,2023-06-14
AVGO,85.5003035266953,2023-06-14
MA,369.437696231227,2023-06-14
TSM,103.34556538734,2023-06-14
UBER,41.27,2023-06-14
AMD,124.24,2023-06-15
AVGO,85.2349783842881,2023-06-15
MA,373.65691210237,2023-06-15
TSM,101.630561076183,2023-06-15
UBER,43.36,2023-06-15
AMD,120.08,2023-06-16
AVGO,83.7568761364051,2023-06-16
MA,371.182558869527,2023-06-16
TSM,101.041146337103,2023-06-16
UBER,43.52,2023-06-16
AMD,118.93,2023-06-20
AVGO,83.7491575868078,2023-06-20
MA,369.299684497124,2023-06-20
TSM,100.471056671435,2023-06-20
UBER,42.17,2023-06-20
AMD,112.11,2023-06-21
AVGO,82.2276384974399,2023-06-21
MA,370.79809761024,2023-06-21
TSM,98.2100230821757,2023-06-21
UBER,42.66,2023-06-21
AMD,110.7,2023-06-22
AVGO,81.7203000016496,2023-06-22
MA,372.434522457459,2023-06-22
TSM,99.6497410514048,2023-06-22
UBER,42.81,2023-06-22
AMD,110.01,2023-06-23
AVGO,79.753029505545,2023-06-23
MA,374.415976639936,2023-06-23
TSM,98.4709115732441,2023-06-23
UBER,43.34,2023-06-23
AMD,107.51,2023-06-26
AVGO,79.7025866723115,2023-06-26
MA,372.05991917918,2023-06-26
TSM,96.7316549661217,2023-06-26
UBER,44.42,2023-06-26
AMD,110.39,2023-06-27
AVGO,82.2994225293491,2023-06-27
MA,376.36785687939,2023-06-27
TSM,98.6351746972501,2023-06-27
UBER,43.83,2023-06-27
AMD,110.17,2023-06-28
AVGO,82.2548000230272,2023-06-28
MA,374.830011842244,2023-06-28
TSM,97.5143204393268,2023-06-28
UBER,44.24,2023-06-28
AMD,111.24,2023-06-29
AVGO,83.6739897349607,2023-06-29
MA,382.164349711708,2023-06-29
TSM,97.2437694115522,2023-06-29
UBER,42.58,2023-06-29
AMD,113.91,2023-06-30
AVGO,84.1454362147964,2023-06-30
MA,387.714393018843,2023-06-30
TSM,97.5143204393268,2023-06-30
UBER,43.17,2023-06-30
AMD,115.82,2023-07-03
AVGO,85.0194553060145,2023-07-03
MA,388.365019765327,2023-07-03
TSM,99.6690661248172,2023-07-03
UBER,43.09,2023-07-03
AMD,113.95,2023-07-05
AVGO,83.6051158665073,2023-07-05
MA,389.124084302893,2023-07-05
TSM,97.5819581962704,2023-07-05
UBER,43.66,2023-07-05
AMD,113.48,2023-07-06
AVGO,82.2606203499387,2023-07-06
MA,388.118570240144,2023-07-06
TSM,96.0552773966852,2023-07-06
UBER,42.11,2023-07-06
AMD,113.17,2023-07-07
AVGO,82.1393635392814,2023-07-07
MA,383.715536147273,2023-07-07
TSM,96.8476054065965,2023-07-07
UBER,42.91,2023-07-07
AMD,113.58,2023-07-10
AVGO,85.1445923346129,2023-07-10
MA,387.151087412562,2023-07-10
TSM,96.4031287181097,2023-07-10
UBER,42.78,2023-07-10
AMD,111.32,2023-07-11
AVGO,85.5636558722447,2023-07-11
MA,392.719049808031,2023-07-11
TSM,97.8428466873388,2023-07-11
UBER,44.36,2023-07-11
AMD,114.58,2023-07-12
AVGO,86.329998915599,2023-07-12
MA,395.572136922021,2023-07-12
TSM,100.393756377785,2023-07-12
UBER,44.52,2023-07-12
AMD,115.92,2023-07-13
AVGO,86.3697711494946,2023-07-13
MA,395.44379736326,2023-07-13
TSM,102.007400007726,2023-07-13
UBER,45.64,2023-07-13
AMD,115.94,2023-07-14
AVGO,86.1971014511186,2023-07-14
MA,397.368890744672,2023-07-14
TSM,101.591910929358,2023-07-14
UBER,44.75,2023-07-14
AMD,118.32,2023-07-17
AVGO,88.3089100655268,2023-07-17
MA,397.062850258396,2023-07-17
TSM,101.25372214464,2023-07-17
UBER,45.51,2023-07-17
AMD,117.93,2023-07-18
AVGO,87.6376323617278,2023-07-18
MA,393.074451663061,2023-07-18
TSM,99.6690661248172,2023-07-18
UBER,47.41,2023-07-18
AMD,116.43,2023-07-19
AVGO,87.4378011377645,2023-07-19
MA,393.18304667432,2023-07-19
TSM,99.5821032944611,2023-07-19
UBER,47.12,2023-07-19
AMD,110.25,2023-07-20
AVGO,86.1738201434724,2023-07-20
MA,392.975728925552,2023-07-20
TSM,94.5575842072188,2023-07-20
UBER,46.57,2023-07-20
AMD,110.95,2023-07-21
AVGO,86.989635965575,2023-07-21
MA,392.413009321755,2023-07-21
TSM,93.9681694681384,2023-07-21
UBER,47.23,2023-07-21
AMD,110.61,2023-07-24
AVGO,87.4591423364402,2023-07-24
MA,399.619769159861,2023-07-24
TSM,94.9344231387619,2023-07-24
UBER,47.32,2023-07-24
AMD,113.0,2023-07-25
AVGO,89.0500316922645,2023-07-25
MA,396.15460107332,2023-07-25
TSM,96.9345682369526,2023-07-25
UBER,47.17,2023-07-25
AMD,110.09,2023-07-26
AVGO,86.6345960239703,2023-07-26
MA,397.270168007164,2023-07-26
TSM,96.0552773966852,2023-07-26
UBER,47.31,2023-07-26
AMD,111.1,2023-07-27
AVGO,86.6772784213216,2023-07-27
MA,389.461199470257,2023-07-27
TSM,95.9973021764478,2023-07-27
UBER,46.61,2023-07-27
AMD,112.96,2023-07-28
AVGO,87.2845325290936,2023-07-28
MA,387.940869312629,2023-07-28
TSM,97.4563452190894,2023-07-28
UBER,48.14,2023-07-28
AMD,114.4,2023-07-31
AVGO,87.1739463177741,2023-07-31
MA,389.244009447738,2023-07-31
TSM,95.8040514423231,2023-07-31
UBER,49.46,2023-07-31
AMD,117.6,2023-08-01
AVGO,89.2450126438015,2023-08-01
MA,391.99837382422,2023-08-01
TSM,95.0793611893555,2023-08-01
UBER,46.65,2023-08-01
AMD,109.35,2023-08-02
AVGO,86.5579617196348,2023-08-02
MA,385.038420829885,2023-08-02
TSM,92.4704762786719,2023-08-02
UBER,46.96,2023-08-02
AMD,113.15,2023-08-03
AVGO,85.8478818364255,2023-08-03
MA,387.990230681383,2023-08-03
TSM,91.774773635823,2023-08-03
UBER,45.91,2023-08-03
AMD,115.82,2023-08-04
AVGO,85.5248536928343,2023-08-04
MA,386.351433238745,2023-08-04
TSM,92.9149529671588,2023-08-04
UBER,45.2,2023-08-04
AMD,116.81,2023-08-07
AVGO,87.019707654618,2023-08-07
MA,391.800928349204,2023-08-07
TSM,93.0985411645772,2023-08-07
UBER,44.95,2023-08-07
AMD,113.23,2023-08-08
AVGO,85.6713319201084,2023-08-08
MA,388.167931608898,2023-08-08
TSM,91.3013093372175,2023-08-08
UBER,45.16,2023-08-08
AMD,110.47,2023-08-09
AVGO,82.5254452244144,2023-08-09
MA,388.641800748938,2023-08-09
TSM,90.8085199651995,2023-08-09
UBER,44.11,2023-08-09
AMD,110.23,2023-08-10
AVGO,81.7658925624568,2023-08-10
MA,392.067479740476,2023-08-10
TSM,91.6008479751108,2023-08-10
UBER,44.6,2023-08-10
AMD,107.57,2023-08-11
AVGO,80.4912409688268,2023-08-11
MA,389.935068610297,2023-08-11
TSM,88.8856751606586,2023-08-11
UBER,43.71,2023-08-11
AMD,111.98,2023-08-14
AVGO,82.8523535859466,2023-08-14
MA,393.489087160595,2023-08-14
TSM,89.929229124932,2023-08-14
UBER,44.85,2023-08-14
AMD,111.35,2023-08-15
AVGO,81.729030492017,2023-08-15
MA,389.411838101503,2023-08-15
TSM,88.5861365227654,2023-08-15
UBER,44.08,2023-08-15
AMD,107.19,2023-08-16
AVGO,80.8045685675654,2023-08-16
MA,389.332859911496,2023-08-16
TSM,88.6827618898277,2023-08-16
UBER,43.65,2023-08-16
AMD,104.44,2023-08-17
AVGO,80.233206475748,2023-08-17
MA,387.605212005101,2023-08-17
TSM,88.5474863759404,2023-08-17
UBER,43.97,2023-08-17
AMD,105.45,2023-08-18
AVGO,80.1109796106054,2023-08-18
MA,387.160959686313,2023-08-18
TSM,88.0257093938037,2023-08-18
UBER,44.69,2023-08-18
AMD,108.22,2023-08-21
AVGO,83.9232937376722,2023-08-21
MA,388.177803882649,2023-08-21
TSM,89.4364397529141,2023-08-21
UBER,44.63,2023-08-21
AMD,105.66,2023-08-22
AVGO,83.0162927939553,2023-08-22
MA,392.758538903034,2023-08-22
TSM,89.1272385783145,2023-08-22
UBER,44.35,2023-08-22
AMD,109.43,2023-08-23
AVGO,85.0330360688081,2023-08-23
MA,395.937411050801,2023-08-23
TSM,91.0404208461491,2023-08-23
UBER,45.14,2023-08-23
AMD,101.8,2023-08-24
AVGO,82.8872755474159,2023-08-24
MA,392.59071024927,2023-08-24
TSM,89.4074521427953,2023-08-24
UBER,44.68,2023-08-24
AMD,102.25,2023-08-25
AVGO,82.6311811633076,2023-08-25
MA,397.744037147203,2023-08-25
TSM,89.9582167350508,2023-08-25
UBER,43.96,2023-08-25
AMD,102.61,2023-08-28
AVGO,83.5294516166571,2023-08-28
MA,402.235921703831,2023-08-28
TSM,90.8278450386119,2023-08-28
UBER,44.15,2023-08-28
AMD,105.92,2023-08-29
AVGO,86.3280588066285,2023-08-29
MA,406.392148952931,2023-08-29
TSM,91.8713990028854,2023-08-29
UBER,45.35,2023-08-29
AMD,106.59,2023-08-30
AVGO,86.5560216106643,2023-08-30
MA,408.623282820618,2023-08-30
TSM,91.5815229016983,2023-08-30
UBER,46.51,2023-08-30
AMD,105.72,2023-08-31
AVGO,89.5253583900412,2023-08-31
MA,407.369504054263,2023-08-31
TSM,90.4123559602438,2023-08-31
UBER,47.23,2023-08-31
AMD,109.45,2023-09-01
AVGO,84.6391939477931,2023-09-01
MA,410.262080263256,2023-09-01
TSM,90.0451795654069,2023-09-01
UBER,47.04,2023-09-01
AMD,110.78,2023-09-05
AVGO,84.605242040809,2023-09-05
MA,406.244064846668,2023-09-05
TSM,91.407597240986,2023-09-05
UBER,46.55,2023-09-05
AMD,109.28,2023-09-06
AVGO,84.6149425856616,2023-09-06
MA,407.902606836808,2023-09-06
TSM,89.146563651727,2023-09-06
UBER,45.9,2023-09-06
AMD,106.59,2023-09-07
AVGO,83.1365795501274,2023-09-07
MA,409.324214256927,2023-09-07
TSM,87.011143039649,2023-09-07
UBER,46.27,2023-09-07
AMD,106.09,2023-09-08
AVGO,83.1870223833608,2023-09-08
MA,409.541404279446,2023-09-08
TSM,86.6149790346933,2023-09-08
UBER,47.24,2023-09-08
AMD,105.32,2023-09-11
AVGO,83.3412610465169,2023-09-11
MA,411.367774923349,2023-09-11
TSM,86.5763288878684,2023-09-11
UBER,48.94,2023-09-11
AMD,105.31,2023-09-12
AVGO,81.9230413890687,2023-09-12
MA,410.953139425814,2023-09-12
TSM,87.4266321180171,2023-09-12
UBER,47.92,2023-09-12
AMD,107.71,2023-09-13
AVGO,82.7388572111713,2023-09-13
MA,410.982756247067,2023-09-13
TSM,88.1416598342785,2023-09-13
UBER,48.16,2023-09-13
AMD,106.63,2023-09-14
AVGO,84.5538291530903,2023-09-14
MA,408.060563216821,2023-09-14
TSM,88.8384301874335,2023-09-14
UBER,48.32,2023-09-14
AMD,101.49,2023-09-15
AVGO,82.6176004005139,2023-09-15
MA,409.018173770652,2023-09-15
TSM,86.6822990513659,2023-09-15
UBER,47.52,2023-09-15
AMD,102.37,2023-09-18
AVGO,82.4546312469905,2023-09-18
MA,411.802154968386,2023-09-18
TSM,86.2743823499477,2023-09-18
UBER,46.51,2023-09-18
AMD,101.61,2023-09-19
AVGO,82.3770268881698,2023-09-19
MA,408.248136418087,2023-09-19
TSM,85.6333703905763,2023-09-19
UBER,47.59,2023-09-19
AMD,100.34,2023-09-20
AVGO,81.0160404453518,2023-09-20
MA,405.276582019087,2023-09-20
TSM,84.778687778081,2023-09-20
UBER,46.55,2023-09-20
AMD,96.11,2023-09-21
AVGO,78.8496170755079,2023-09-21
MA,398.208034013492,2023-09-21
TSM,82.9042134120403,2023-09-21
UBER,44.6,2023-09-21
AMD,96.2,2023-09-22
AVGO,80.870701822161,2023-09-22
MA,397.082594805898,2023-09-22
TSM,83.1761578796524,2023-09-22
UBER,44.41,2023-09-22
AMD,97.38,2023-09-25
AVGO,81.3398822097769,2023-09-25
MA,397.34914619717,2023-09-25
TSM,83.7588960245355,2023-09-25
UBER,44.91,2023-09-25
AMD,95.96,2023-09-26
AVGO,79.6133764175105,2023-09-26
MA,390.32995956033,2023-09-26
TSM,81.8649970536653,2023-09-26
UBER,44.27,2023-09-26
AMD,98.07,2023-09-27
AVGO,79.6738528915899,2023-09-27
MA,390.428682297838,2023-09-27
TSM,82.981911831358,2023-09-27
UBER,45.14,2023-09-27
AMD,102.76,2023-09-28
AVGO,81.1555265065349,2023-09-28
MA,394.338102703167,2023-09-28
TSM,83.9240051655857,2023-09-28
UBER,46.14,2023-09-28
AMD,102.82,2023-09-29
AVGO,81.0170158723531,2023-09-29
MA,390.853190069124,2023-09-29
TSM,84.399907983907,2023-09-29
UBER,45.99,2023-09-29
AMD,103.27,2023-10-02
AVGO,81.4432774719127,2023-10-02
MA,390.793956426619,2023-10-02
TSM,85.1283306650109,2023-10-02
UBER,45.68,2023-10-02
AMD,100.08,2023-10-03
AVGO,79.4807183453364,2023-10-03
MA,386.065137299971,2023-10-03
TSM,82.9527749241139,2023-10-03
UBER,44.51,2023-10-03
AMD,104.07,2023-10-04
AVGO,80.3566517924862,2023-10-04
MA,388.730651212695,2023-10-04
TSM,84.1765250283684,2023-10-04
UBER,44.94,2023-10-04
AMD,102.91,2023-10-05
AVGO,80.3615289274926,2023-10-05
MA,389.727750861529,2023-10-05
TSM,84.5261679152983,2023-10-05
UBER,44.61,2023-10-05
AMD,107.24,2023-10-06
AVGO,82.4489427102328,2023-10-06
MA,393.454979732021,2023-10-06
TSM,86.7211482610248,2023-10-06
UBER,45.78,2023-10-06
AMD,106.97,2023-10-09
AVGO,83.4848461855927,2023-10-09
MA,390.261624492846,2023-10-09
TSM,86.4297791885832,2023-10-09
UBER,45.45,2023-10-09
AMD,109.01,2023-10-10
AVGO,83.7316292169166,2023-10-10
MA,395.827751426764,2023-10-10
TSM,88.0031721797677,2023-10-10
UBER,46.63,2023-10-10
AMD,108.31,2023-10-11
AVGO,85.3069438239846,2023-10-11
MA,395.274104697991,2023-10-11
TSM,89.3531822154136,2023-10-11
UBER,46.64,2023-10-11
AMD,108.79,2023-10-12
AVGO,88.3346692359592,2023-10-12
MA,395.363083636544,2023-10-12
TSM,89.7610989168318,2023-10-12
UBER,45.95,2023-10-12
AMD,105.09,2023-10-13
AVGO,86.1477618990884,2023-10-13
MA,393.51429902439,2023-10-13
TSM,87.8574876435469,2023-10-13
UBER,43.48,2023-10-13
AMD,106.46,2023-10-16
AVGO,88.0391148545712,2023-10-16
MA,396.608788776284,2023-10-16
TSM,88.5956226270655,2023-10-16
UBER,44.71,2023-10-16
AMD,105.14,2023-10-17
AVGO,86.2667639932446,2023-10-17
MA,397.211868248698,2023-10-17
TSM,88.3819519739417,2023-10-17
UBER,44.38,2023-10-17
AMD,102.17,2023-10-18
AVGO,86.5233012945813,2023-10-18
MA,388.748982537448,2023-10-18
TSM,87.0222296358811,2023-10-18
UBER,43.0,2023-10-18
AMD,102.4,2023-10-19
AVGO,84.6504814521228,2023-10-19
MA,383.469565516645,2023-10-19
TSM,90.237001735153,2023-10-19
UBER,42.72,2023-10-19
AMD,101.81,2023-10-20
AVGO,83.2653751103046,2023-10-20
MA,380.048819656724,2023-10-20
TSM,88.683033348798,2023-10-20
UBER,42.96,2023-10-20
AMD,100.01,2023-10-23
AVGO,84.1032669044045,2023-10-23
MA,379.317215050844,2023-10-23
TSM,88.4887873005036,2023-10-23
UBER,43.04,2023-10-23
AMD,101.67,2023-10-24
AVGO,85.9458485098233,2023-10-24
MA,382.520456838748,2023-10-24
TSM,89.0035393284837,2023-10-24
UBER,44.19,2023-10-24
AMD,96.055,2023-10-25
AVGO,82.8752043097924,2023-10-25
MA,381.927263915062,2023-10-25
TSM,85.1186183625962,2023-10-25
UBER,42.35,2023-10-25
AMD,93.67,2023-10-26
AVGO,80.6434273308627,2023-10-26
MA,360.453680077638,2023-10-26
TSM,84.9340846167165,2023-10-26
UBER,40.62,2023-10-26
AMD,96.43,2023-10-27
AVGO,81.7758980793493,2023-10-27
MA,359.949466092505,2023-10-27
TSM,83.5160884641676,2023-10-27
UBER,41.23,2023-10-27
AMD,96.18,2023-10-30
AVGO,82.0577964827194,2023-10-30
MA,368.194847731737,2023-10-30
TSM,83.5840745810706,2023-10-30
UBER,42.73,2023-10-30
AMD,98.5,2023-10-31
AVGO,82.0695016067347,2023-10-31
MA,372.080261381879,2023-10-31
TSM,83.8268821414386,2023-10-31
UBER,43.28,2023-10-31
AMD,108.04,2023-11-01
AVGO,83.1980706472162,2023-11-01
MA,373.533584044909,2023-11-01
TSM,85.2740152012317,2023-11-01
UBER,43.83,2023-11-01
AMD,107.83,2023-11-02
AVGO,84.9889546215672,2023-11-02
MA,378.348333275491,2023-11-02
TSM,87.8769122483763,2023-11-02
UBER,46.48,2023-11-02
AMD,112.25,2023-11-03
AVGO,86.0989905490243,2023-11-03
MA,381.670213648131,2023-11-03
TSM,89.1492238647045,2023-11-03
UBER,47.75,2023-11-03
AMD,111.75,2023-11-06
AVGO,85.9185365537874,2023-11-06
MA,381.77896568414,2023-11-06
TSM,89.9359203602967,2023-11-06
UBER,48.14,2023-11-06
AMD,113.45,2023-11-07
AVGO,87.575787028963,2023-11-07
MA,384.458220389454,2023-11-07
TSM,89.7513866144171,2023-11-07
UBER,49.92,2023-11-07
AMD,113.59,2023-11-08
AVGO,88.8740803676673,2023-11-08
MA,385.278803933886,2023-11-08
TSM,89.3531822154136,2023-11-08
UBER,49.5,2023-11-08
AMD,113.49,2023-11-09
AVGO,88.8984660426993,2023-11-09
MA,383.558544455197,2023-11-09
TSM,88.9841147236543,2023-11-09
UBER,50.05,2023-11-09
AMD,118.59,2023-11-10
AVGO,93.3990862266074,2023-11-10
MA,389.905708738635,2023-11-10
TSM,94.6366747290207,2023-11-10
UBER,51.58,2023-11-10
AMD,116.79,2023-11-13
AVGO,92.3661090322513,2023-11-13
MA,389.876049092451,2023-11-13
TSM,93.6460198827193,2023-11-13
UBER,52.24,2023-11-13
AMD,119.88,2023-11-14
AVGO,94.9051455165844,2023-11-14
MA,393.138610172722,2023-11-14
TSM,96.0643831839843,2023-11-14
UBER,53.88,2023-11-14
AMD,118.0,2023-11-15
AVGO,95.1431497048968,2023-11-15
MA,392.327913177018,2023-11-15
TSM,95.9575478574224,2023-11-15
UBER,53.76,2023-11-15
AMD,119.83,2023-11-16
AVGO,93.5970979078673,2023-11-16
MA,392.594849992677,2023-11-16
TSM,95.7050279946397,2023-11-16
UBER,54.42,2023-11-16
AMD,120.62,2023-11-17
AVGO,95.3704241961952,2023-11-17
MA,395.758545585667,2023-11-17
TSM,96.7151074457705,2023-11-17
UBER,54.44,2023-11-17
AMD,121.53,2023-11-20
AVGO,97.1242419444975,2023-11-20
MA,399.812030564187,2023-11-20
TSM,97.0841749375298,2023-11-20
UBER,54.75,2023-11-20
AMD,119.16,2023-11-21
AVGO,95.7088973656395,2023-11-21
MA,404.31041023547,2023-11-21
TSM,95.5787680632484,2023-11-21
UBER,54.85,2023-11-21
AMD,122.51,2023-11-22
AVGO,94.8115045244615,2023-11-22
MA,405.674753959947,2023-11-22
TSM,95.8118633212016,2023-11-22
UBER,55.37,2023-11-22
AMD,122.31,2023-11-24
AVGO,95.4816228743412,2023-11-24
MA,407.820135033944,2023-11-24
TSM,95.0154545231947,2023-11-24
UBER,55.32,2023-11-24
AMD,122.65,2023-11-27
AVGO,92.6889753696752,2023-11-27
MA,404.330183332926,2023-11-27
TSM,94.4132917734821,2023-11-27
UBER,56.06,2023-11-27
AMD,122.01,2023-11-28
AVGO,92.3095342661771,2023-11-28
MA,404.369729527839,2023-11-28
TSM,95.1611390594155,2023-11-28
UBER,56.21,2023-11-28
AMD,123.85,2023-11-29
AVGO,91.7710985614703,2023-11-29
MA,405.170539974815,2023-11-29
TSM,96.0352462767402,2023-11-29
UBER,56.4,2023-11-29
AMD,121.16,2023-11-30
AVGO,90.2982037895367,2023-11-30
MA,409.135046014781,2023-11-30
TSM,94.5104147976293,2023-11-30
UBER,56.38,2023-11-30
AMD,121.39,2023-12-01
AVGO,90.7147111190835,2023-12-01
MA,409.65903309737,2023-12-01
TSM,95.7147402970544,2023-12-01
UBER,57.35,2023-12-01
AMD,118.57,2023-12-04
AVGO,90.1265286373114,2023-12-04
MA,403.598578727047,2023-12-04
TSM,94.2190457251878,2023-12-04
UBER,58.63,2023-12-04
AMD,118.38,2023-12-05
AVGO,89.0681903409221,2023-12-05
MA,404.05335996854,2023-12-05
TSM,93.9082520479167,2023-12-05
UBER,57.97,2023-12-05
AMD,116.82,2023-12-06
AVGO,88.1434855437082,2023-12-06
MA,405.724186703588,2023-12-06
TSM,95.0348791280241,2023-12-06
UBER,59.75,2023-12-06
AMD,128.37,2023-12-07
AVGO,89.9597306200924,2023-12-07
MA,408.46276070127,2023-12-07
TSM,96.4334506757437,2023-12-07
UBER,60.98,2023-12-07
AMD,128.92,2023-12-08
AVGO,92.1095717309146,2023-12-08
MA,407.483992377189,2023-12-08
TSM,97.4629547317038,2023-12-08
UBER,61.7,2023-12-08
AMD,134.41,2023-12-11
AVGO,100.394848679791,2023-12-11
MA,410.993717175663,2023-12-11
TSM,98.045692876587,2023-12-11
UBER,62.46,2023-12-11
AMD,137.61,2023-12-12
AVGO,104.593086493302,2023-12-12
MA,415.976537734623,2023-12-12
TSM,98.6769925335437,2023-12-12
UBER,62.72,2023-12-12
AMD,138.19,2023-12-13
AVGO,106.291304902531,2023-12-13
MA,419.861951384765,2023-12-13
TSM,99.1820322591091,2023-12-13
UBER,61.97,2023-12-13
AMD,138.0,2023-12-14
AVGO,107.930022264682,2023-12-14
MA,413.81138356317,2023-12-14
TSM,100.938664346261,2023-12-14
UBER,62.5,2023-12-14
AMD,139.15,2023-12-15
AVGO,110.19789004266,2023-12-15
MA,413.821270111898,2023-12-15
TSM,100.050755360712,2023-12-15
UBER,61.86,2023-12-15
AMD,138.9,2023-12-18
AVGO,111.88147704687,2023-12-18
MA,419.614787666562,2023-12-18
TSM,100.43128778309,2023-12-18
UBER,61.73,2023-12-18
AMD,140.15,2023-12-19
AVGO,111.669809387592,2023-12-19
MA,420.642988734284,2023-12-19
TSM,101.348468493438,2023-12-19
UBER,62.12,2023-12-19
AMD,135.47,2023-12-20
AVGO,108.808440783266,2023-12-20
MA,414.691286399971,2023-12-20
TSM,97.6114449608505,2023-12-20
UBER,60.68,2023-12-20
AMD,139.91,2023-12-21
AVGO,110.465486779812,2023-12-21
MA,418.636019342481,2023-12-21
TSM,100.060512602311,2023-12-21
UBER,61.46,2023-12-21
AMD,139.6,2023-12-22
AVGO,109.945148858957,2023-12-22
MA,419.288531558535,2023-12-22
TSM,100.645947098278,2023-12-22
UBER,61.71,2023-12-22
AMD,143.41,2023-12-26
AVGO,110.916250327069,2023-12-26
MA,418.863409963227,2023-12-26
TSM,101.914388506206,2023-12-26
UBER,61.98,2023-12-26
AMD,146.07,2023-12-27
AVGO,110.355735655263,2023-12-27
MA,419.545581825466,2023-12-27
TSM,102.109533338195,2023-12-27
UBER,63.28,2023-12-27
AMD,148.76,2023-12-28
AVGO,109.987285451418,2023-12-28
MA,421.483345376172,2023-12-28
TSM,102.158319546192,2023-12-28
UBER,63.14,2023-12-28
AMD,147.41,2023-12-29
AVGO,109.383654266396,2023-12-29
MA,421.671189802006,2023-12-29
TSM,101.475312634231,2023-12-29
UBER,61.57,2023-12-29
AMD,138.58,2024-01-02
AVGO,106.358638896001,2024-01-02
MA,417.103604289626,2024-01-02
TSM,99.0652739591678,2024-01-02
UBER,58.38,2024-01-02
AMD,135.32,2024-01-03
AVGO,103.732451272852,2024-01-03
MA,414.01900108646,2024-01-03
TSM,97.7382891016433,2024-01-03
UBER,58.25,2024-01-03
AMD,136.01,2024-01-04
AVGO,102.794667110407,2024-01-04
MA,415.00765595927,2024-01-04
TSM,96.723535975301,2024-01-04
UBER,57.8,2024-01-04
AMD,138.58,2024-01-05
AVGO,102.82112497079,2024-01-05
MA,414.661626753786,2024-01-05
TSM,97.1918835720743,2024-01-05
UBER,57.58,2024-01-05
AMD,146.18,2024-01-08
AVGO,105.326782341084,2024-01-08
MA,417.845095444233,2024-01-08
TSM,99.7580381127284,2024-01-08
UBER,59.01,2024-01-08
AMD,149.26,2024-01-09
AVGO,106.075441797833,2024-01-09
MA,418.459020178048,2024-01-09
TSM,99.4165346567479,2024-01-09
UBER,60.3,2024-01-09
AMD,148.54,2024-01-10
AVGO,105.887297012891,2024-01-10
MA,424.073460888909,2024-01-10
TSM,98.3529953224083,2024-01-10
UBER,62.41,2024-01-10
AMD,148.02,2024-01-11
AVGO,107.789323198164,2024-01-11
MA,422.53864905437,2024-01-11
TSM,98.762799469585,2024-01-11
UBER,63.47,2024-01-11
AMD,146.56,2024-01-12
AVGO,108.543862179441,2024-01-12
MA,424.895327871275,2024-01-12
TSM,98.7823139527839,2024-01-12
UBER,63.2,2024-01-12
AMD,158.74,2024-01-16
AVGO,109.257244489013,2024-01-16
MA,424.152676983595,2024-01-16
TSM,99.2018753415601,2024-01-16
UBER,63.65,2024-01-16
AMD,160.17,2024-01-17
AVGO,108.150913956724,2024-01-17
MA,423.231789882872,2024-01-17
TSM,100.450802266289,2024-01-17
UBER,63.12,2024-01-17
AMD,162.67,2024-01-18
AVGO,112.094115074466,2024-01-18
MA,426.499453788663,2024-01-18
TSM,110.28610179853,2024-01-18
UBER,64.88,2024-01-18
AMD,174.23,2024-01-19
AVGO,118.688001834229,2024-01-19
MA,432.500072961117,2024-01-19
TSM,111.427699065665,2024-01-19
UBER,65.11,2024-01-19
AMD,168.18,2024-01-22
AVGO,119.599328136292,2024-01-22
MA,435.440970476329,2024-01-22
TSM,110.28610179853,2024-01-22
UBER,64.55,2024-01-22
AMD,168.42,2024-01-23
AVGO,120.168662094893,2024-01-23
MA,434.460671304592,2024-01-23
TSM,111.359398374469,2024-01-23
UBER,64.32,2024-01-23
AMD,178.29,2024-01-24
AVGO,122.869323695414,2024-01-24
MA,434.401259233578,2024-01-24
TSM,113.691379116736,2024-01-24
UBER,63.76,2024-01-24
AMD,180.33,2024-01-25
AVGO,120.530252853453,2024-01-25
MA,432.519876984788,2024-01-25
TSM,113.730408083134,2024-01-25
UBER,66.0,2024-01-25
AMD,177.25,2024-01-26
AVGO,118.068691917129,2024-01-26
MA,434.23292503237,2024-01-26
TSM,114.413414995095,2024-01-26
UBER,65.52,2024-01-26
AMD,177.83,2024-01-29
AVGO,119.331809770203,2024-01-29
MA,436.262837458695,2024-01-29
TSM,114.140212230311,2024-01-29
UBER,66.98,2024-01-29
AMD,172.06,2024-01-30
AVGO,118.390105924738,2024-01-30
MA,440.827664914968,2024-01-30
TSM,113.242546003162,2024-01-30
UBER,66.84,2024-01-30
AMD,167.69,2024-01-31
AVGO,115.630649078922,2024-01-31
MA,444.828077696604,2024-01-31
TSM,110.217801107334,2024-01-31
UBER,65.27,2024-01-31
AMD,170.48,2024-02-01
AVGO,117.591470509489,2024-02-01
MA,456.403529532575,2024-02-01
TSM,110.63736249611,2024-02-01
UBER,66.73,2024-02-01
AMD,177.66,2024-02-02
AVGO,119.975617706176,2024-02-02
MA,456.06686113016,2024-02-02
TSM,112.940071513579,2024-02-02
UBER,68.07,2024-02-02
AMD,174.23,2024-02-05
AVGO,121.81394904238,2024-02-05
MA,452.28429260891,2024-02-05
TSM,115.90627295981,2024-02-05
UBER,68.99,2024-02-05
AMD,167.88,2024-02-06
AVGO,119.810011098597,2024-02-06
MA,455.987645035474,2024-02-06
TSM,116.481950214178,2024-02-06
UBER,70.47,2024-02-06
AMD,170.94,2024-02-07
AVGO,123.181918416229,2024-02-07
MA,457.383828704312,2024-02-07
TSM,121.946005509867,2024-02-07
UBER,70.65,2024-02-07
AMD,169.35,2024-02-08
AVGO,124.916378152413,2024-02-08
MA,453.76959438427,2024-02-08
TSM,130.483591909382,2024-02-08
UBER,71.61,2024-02-08
AMD,172.48,2024-02-09
AVGO,125.766949367671,2024-02-09
MA,453.393317934512,2024-02-09
TSM,129.878642930216,2024-02-09
UBER,70.91,2024-02-09
AMD,171.91,2024-02-12
AVGO,123.959975495624,2024-02-12
MA,454.215184916878,2024-02-12
TSM,127.292973906363,2024-02-12
UBER,69.12,2024-02-12
AMD,171.54,2024-02-13
AVGO,122.651781287825,2024-02-13
MA,455.948036988131,2024-02-13
TSM,124.453616600924,2024-02-13
UBER,68.99,2024-02-13
AMD,178.7,2024-02-14
AVGO,123.68755752576,2024-02-14
MA,460.631688586433,2024-02-14
TSM,126.131862156029,2024-02-14
UBER,79.15,2024-02-14
AMD,176.76,2024-02-15
AVGO,123.966834940909,2024-02-15
MA,466.662013794393,2024-02-15
TSM,125.897688357642,2024-02-15
UBER,81.39,2024-02-15
AMD,173.87,2024-02-16
AVGO,122.047170182048,2024-02-16
MA,463.542880066138,2024-02-16
TSM,123.614493823372,2024-02-16
UBER,78.41,2024-02-16
AMD,165.69,2024-02-20
AVGO,120.19218019301,2024-02-20
MA,447.323384679208,2024-02-20
TSM,122.287508965848,2024-02-20
UBER,76.6,2024-02-20
AMD,164.29,2024-02-21
AVGO,120.280373060952,2024-02-21
MA,454.551853319293,2024-02-21
TSM,122.297266207447,2024-02-21
UBER,76.44,2024-02-21
AMD,181.86,2024-02-22
AVGO,127.8698593077,2024-02-22
MA,466.939270125794,2024-02-22
TSM,125.93671732404,2024-02-22
UBER,78.03,2024-02-22
AMD,176.52,2024-02-23
AVGO,127.033986903765,2024-02-23
MA,468.78104432724,2024-02-23
TSM,126.385550437615,2024-02-23
UBER,78.2,2024-02-23
AMD,176.01,2024-02-26
AVGO,128.284365787025,2024-02-26
MA,469.860363617335,2024-02-26
TSM,127.468604255153,2024-02-26
UBER,78.36,2024-02-26
AMD,178.0,2024-02-27
AVGO,127.020268013196,2024-02-27
MA,470.098011901393,2024-02-27
TSM,125.468369727267,2024-02-27
UBER,78.75,2024-02-27
AMD,176.54,2024-02-28
AVGO,126.352941979105,2024-02-28
MA,474.157836754043,2024-02-28
TSM,124.287743493734,2024-02-28
UBER,77.73,2024-02-28
AMD,192.53,2024-02-29
AVGO,127.437714254786,2024-02-29
MA,470.107913913228,2024-02-29
TSM,125.546427660062,2024-02-29
UBER,79.5,2024-02-29
AMD,202.64,2024-03-01
AVGO,137.1075722642,2024-03-01
MA,471.95959012651,2024-03-01
TSM,130.649465016572,2024-03-01
UBER,81.03,2024-03-01
AMD,205.36,2024-03-04
AVGO,137.410367777466,2024-03-04
MA,463.899352492224,2024-03-04
TSM,134.90362235393,2024-03-04
UBER,81.3,2024-03-04
AMD,205.13,2024-03-05
AVGO,131.578859365019,2024-03-05
MA,462.938857344158,2024-03-05
TSM,131.693489867713,2024-03-05
UBER,79.09,2024-03-05
AMD,210.63,2024-03-06
AVGO,132.289301912326,2024-03-06
MA,466.978878173137,2024-03-06
TSM,138.133269323347,2024-03-06
UBER,78.64,2024-03-06
AMD,211.38,2024-03-07
AVGO,137.875830136046,2024-03-07
MA,462.95866136783,2024-03-07
TSM,145.578044663723,2024-03-07
UBER,79.41,2024-03-07
AMD,207.39,2024-03-08
AVGO,128.244189036074,2024-03-08
MA,464.661807403576,2024-03-08
TSM,142.81674529108,2024-03-08
UBER,78.7,2024-03-08
AMD,198.39,2024-03-11
AVGO,126.71551265842,2024-03-11
MA,464.562787285218,2024-03-11
TSM,135.645172715488,2024-03-11
UBER,77.47,2024-03-11
AMD,202.76,2024-03-12
AVGO,126.594002484812,2024-03-12
MA,468.236433676275,2024-03-12
TSM,140.89456869599,2024-03-12
UBER,78.32,2024-03-12
AMD,194.79,2024-03-13
AVGO,123.261291997376,2024-03-13
MA,470.949584919266,2024-03-13
TSM,138.689432094515,2024-03-13
UBER,78.25,2024-03-13
AMD,187.06,2024-03-14
AVGO,123.692457129535,2024-03-14
MA,474.781663499694,2024-03-14
TSM,136.230607211455,2024-03-14
UBER,77.65,2024-03-14
AMD,191.06,2024-03-15
AVGO,121.069209268651,2024-03-15
MA,471.167429179652,2024-03-15
TSM,133.654695429201,2024-03-15
UBER,76.07,2024-03-15
AMD,190.65,2024-03-18
AVGO,121.239715480005,2024-03-18
MA,474.197444801386,2024-03-18
TSM,133.86306425073,2024-03-18
UBER,75.7,2024-03-18
AMD,181.42,2024-03-19
AVGO,121.315169378133,2024-03-19
MA,479.257372849445,2024-03-19
TSM,132.129035974063,2024-03-19
UBER,77.08,2024-03-19
AMD,179.73,2024-03-20
AVGO,125.552346722347,2024-03-20
MA,483.257785631081,2024-03-20
TSM,133.970828719901,2024-03-20
UBER,78.64,2024-03-20
AMD,178.68,2024-03-21
AVGO,132.636805158091,2024-03-21
MA,483.851906341225,2024-03-21
TSM,136.615956599563,2024-03-21
UBER,80.25,2024-03-21
AMD,179.65,2024-03-22
AVGO,133.175027208695,2024-03-22
MA,476.950204091719,2024-03-22
TSM,137.683804521352,2024-03-22
UBER,80.23,2024-03-22
AMD,178.63,2024-03-25
AVGO,132.989060174757,2024-03-25
MA,471.375371428202,2024-03-25
TSM,137.380104653687,2024-03-25
UBER,79.41,2024-03-25
AMD,177.87,2024-03-26
AVGO,131.012299480672,2024-03-26
MA,472.127924327718,2024-03-26
TSM,136.018353634158,2024-03-26
UBER,77.91,2024-03-26
AMD,179.59,2024-03-27
AVGO,129.756776013449,2024-03-27
MA,473.266655688827,2024-03-27
TSM,133.912048100353,2024-03-27
UBER,78.11,2024-03-27
AMD,180.49,2024-03-28
AVGO,130.414056323876,2024-03-28
MA,476.851183973362,2024-03-28
TSM,133.285054825174,2024-03-28
UBER,76.99,2024-03-28
AMD,183.34,2024-04-01
AVGO,132.859178436768,2024-04-01
MA,473.712246221435,2024-04-01
TSM,138.614497664196,2024-04-01
UBER,76.4,2024-04-01
AMD,178.7,2024-04-02
AVGO,131.72763299217,2024-04-02
MA,474.732153440515,2024-04-02
TSM,137.370307883763,2024-04-02
UBER,76.98,2024-04-02
AMD,180.77,2024-04-03
AVGO,134.133397002641,2024-04-03
MA,472.741849061533,2024-04-03
TSM,139.114132930355,2024-04-03
UBER,76.81,2024-04-03
AMD,165.83,2024-04-04
AVGO,129.635749848505,2024-04-04
MA,465.166810007198,2024-04-04
TSM,136.821688767981,2024-04-04
UBER,74.92,2024-04-04
AMD,170.42,2024-04-05
AVGO,131.793557813725,2024-04-05
MA,472.474494741968,2024-04-05
TSM,138.487139655176,2024-04-05
UBER,77.16,2024-04-05
AMD,169.9,2024-04-08
AVGO,131.465901611072,2024-04-08
MA,474.811369535201,2024-04-08
TSM,139.888077754404,2024-04-08
UBER,75.03,2024-04-08
AMD,170.78,2024-04-09
AVGO,131.267143193847,2024-04-09
MA,468.177793128831,2024-04-09
TSM,142.445034704743,2024-04-09
UBER,75.14,2024-04-09
AMD,167.14,2024-04-10
AVGO,130.114934745478,2024-04-10
MA,465.213010848555,2024-04-10
TSM,143.248369838567,2024-04-10
UBER,74.35,2024-04-10
AMD,170.5,2024-04-11
AVGO,136.027505681642,2024-04-11
MA,464.360264105733,2024-04-11
TSM,144.208453291184,2024-04-11
UBER,76.18,2024-04-11
AMD,163.28,2024-04-12
AVGO,132.250111801806,2024-04-12
MA,461.454975784258,2024-04-12
TSM,139.623564966438,2024-04-12
UBER,75.28,2024-04-12
AMD,160.32,2024-04-15
AVGO,128.965678154791,2024-04-15
MA,455.912121955916,2024-04-15
TSM,137.291933724365,2024-04-15
UBER,73.4,2024-04-15
AMD,163.46,2024-04-16
AVGO,130.773199008466,2024-04-16
MA,455.941868935316,2024-04-16
TSM,136.958843546927,2024-04-16
UBER,74.13,2024-04-16
AMD,154.02,2024-04-17
AVGO,126.204707269972,2024-04-17
MA,456.279001368525,2024-04-17
TSM,136.204492262727,2024-04-17
UBER,71.94,2024-04-17
AMD,155.08,2024-04-18
AVGO,123.878643416902,2024-04-18
MA,450.865051117586,2024-04-18
TSM,129.581875793648,2024-04-18
UBER,71.3,2024-04-18
AMD,146.64,2024-04-19
AVGO,118.5377489184,2024-04-19
MA,451.549231643803,2024-04-19
TSM,125.104751938072,2024-04-19
UBER,69.2,2024-04-19
AMD,148.64,2024-04-22
AVGO,120.481055225427,2024-04-22
MA,452.897761376638,2024-04-22
TSM,127.11308977263,2024-04-22
UBER,68.98,2024-04-22
AMD,152.27,2024-04-23
AVGO,122.914369907593,2024-04-23
MA,458.916566875393,2024-04-23
TSM,130.71830110491,2024-04-23
UBER,70.8,2024-04-23
AMD,151.74,2024-04-24
AVGO,123.66512571127,2024-04-24
MA,458.599265761785,2024-04-24
TSM,130.267649688375,2024-04-24
UBER,69.36,2024-04-24
AMD,153.76,2024-04-25
AVGO,127.364787338825,2024-04-25
MA,458.212555029575,2024-04-25
TSM,133.804283631182,2024-04-25
UBER,69.31,2024-04-25
AMD,157.4,2024-04-26
AVGO,132.250111801806,2024-04-26
MA,458.519940483383,2024-04-26
TSM,135.489328058226,2024-04-26
UBER,69.05,2024-04-26
AMD,160.2,2024-04-29
AVGO,131.713857656323,2024-04-29
MA,453.244809469647,2024-04-29
TSM,135.685263456719,2024-04-29
UBER,67.4,2024-04-29
AMD,158.38,2024-04-30
AVGO,127.940399586729,2024-04-30
MA,447.394570187497,2024-04-30
TSM,134.548838145457,2024-04-30
UBER,66.27,2024-04-30
AMD,144.27,2024-05-01
AVGO,122.291527936784,2024-05-01
MA,438.341572789864,2024-05-01
TSM,132.197613363536,2024-05-01
UBER,67.79,2024-05-01
AMD,146.16,2024-05-02
AVGO,121.869412288321,2024-05-02
MA,437.379753789239,2024-05-02
TSM,133.461396683818,2024-05-02
UBER,68.57,2024-05-02
AMD,150.6,2024-05-03
AVGO,125.759960712617,2024-05-03
MA,439.838837419703,2024-05-03
TSM,138.683075053669,2024-05-03
UBER,69.23,2024-05-03
AMD,155.78,2024-05-06
AVGO,128.928287957491,2024-05-06
MA,445.58000444405,2024-05-06
TSM,139.927264834102,2024-05-06
UBER,71.51,2024-05-06
AMD,154.43,2024-05-07
AVGO,128.219842113916,2024-05-07
MA,449.238882910344,2024-05-07
TSM,138.242220407059,2024-05-07
UBER,70.43,2024-05-07
AMD,153.62,2024-05-08
AVGO,130.410120513634,2024-05-08
MA,450.934460736188,2024-05-08
TSM,140.681616118302,2024-05-08
UBER,66.4,2024-05-08
AMD,152.39,2024-05-09
AVGO,128.47173396941,2024-05-09
MA,451.648388241806,2024-05-09
TSM,139.888077754404,2024-05-09
UBER,67.93,2024-05-09
AMD,151.92,2024-05-10
AVGO,131.1411972661,2024-05-10
MA,453.125821552044,2024-05-10
TSM,146.226587895667,2024-05-10
UBER,66.99,2024-05-10
AMD,150.56,2024-05-13
AVGO,131.604638922105,2024-05-13
MA,453.899243016464,2024-05-13
TSM,143.434508467135,2024-05-13
UBER,66.02,2024-05-13
AMD,153.16,2024-05-14
AVGO,135.788405209436,2024-05-14
MA,450.369268127573,2024-05-14
TSM,148.861919005404,2024-05-14
UBER,65.32,2024-05-14
AMD,159.67,2024-05-15
AVGO,141.312314884195,2024-05-15
MA,454.13721885167,2024-05-15
TSM,152.41814648806,2024-05-15
UBER,66.62,2024-05-15
AMD,162.62,2024-05-16
AVGO,138.946892928705,2024-05-16
MA,454.999881254292,2024-05-16
TSM,149.136228563295,2024-05-16
UBER,66.05,2024-05-16
AMD,164.47,2024-05-17
AVGO,137.289916816789,2024-05-17
MA,456.388073626328,2024-05-17
TSM,148.597406217438,2024-05-17
UBER,65.67,2024-05-17
AMD,166.33,2024-05-20
AVGO,139.133843915204,2024-05-20
MA,455.783218378512,2024-05-20
TSM,150.429402193352,2024-05-20
UBER,64.65,2024-05-20
AMD,164.66,2024-05-21
AVGO,137.674642267953,2024-05-21
MA,455.227941429698,2024-05-21
TSM,150.546963432448,2024-05-21
UBER,63.97,2024-05-21
AMD,165.52,2024-05-22
AVGO,136.989811285831,2024-05-22
MA,452.669701201232,2024-05-22
TSM,152.976562373767,2024-05-22
UBER,65.48,2024-05-22
AMD,160.43,2024-05-23
AVGO,137.093126304685,2024-05-23
MA,447.404485847297,2024-05-23
TSM,153.897458746686,2024-05-23
UBER,63.6,2024-05-23
AMD,166.36,2024-05-24
AVGO,138.524777280242,2024-05-24
MA,447.374738867896,2024-05-24
TSM,156.748318794766,2024-05-24
UBER,64.26,2024-05-24
AMD,171.61,2024-05-28
AVGO,138.978379410642,2024-05-28
MA,441.326186389741,2024-05-28
TSM,156.17030936921,2024-05-28
UBER,63.52,2024-05-28
AMD,165.14,2024-05-29
AVGO,136.835330733829,2024-05-29
MA,438.738199181874,2024-05-29
TSM,151.203347017401,2024-05-29
UBER,64.93,2024-05-29
AMD,166.75,2024-05-30
AVGO,134.219000875407,2024-05-30
MA,438.371319769265,2024-05-30
TSM,149.851392767796,2024-05-30
UBER,64.12,2024-05-30
AMD,166.9,2024-05-31
AVGO,130.723017427879,2024-05-31
MA,443.299402689991,2024-05-31
TSM,147.970412942259,2024-05-31
UBER,64.56,2024-05-31
AMD,163.55,2024-06-03
AVGO,130.068688975133,2024-06-03
MA,439.452126687493,2024-06-03
TSM,151.800949982806,2024-06-03
UBER,63.79,2024-06-03
AMD,159.99,2024-06-04
AVGO,130.946374659117,2024-06-04
MA,441.018800935933,2024-06-04
TSM,149.371351041487,2024-06-04
UBER,64.55,2024-06-04
AMD,166.17,2024-06-05
AVGO,139.041352374515,2024-06-05
MA,442.892860638181,2024-06-05
TSM,159.60897561277,2024-06-05
UBER,65.82,2024-06-05
AMD,166.78,2024-06-06
AVGO,137.87832044798,2024-06-06
MA,444.895823917833,2024-06-06
TSM,158.776250169173,2024-06-06
UBER,68.9,2024-06-06
AMD,167.87,2024-06-07
AVGO,138.40670297298,2024-06-07
MA,445.996462155661,2024-06-07
TSM,161.049100791697,2024-06-07
UBER,69.31,2024-06-07
AMD,160.34,2024-06-10
AVGO,141.735414485219,2024-06-10
MA,445.461016526447,2024-06-10
TSM,164.742483053299,2024-06-10
UBER,68.6,2024-06-10
AMD,158.96,2024-06-11
AVGO,143.758420949648,2024-06-11
MA,445.252787670642,2024-06-11
TSM,162.342274421754,2024-06-11
UBER,69.59,2024-06-11
AMD,160.24,2024-06-12
AVGO,147.15108937832,2024-06-12
MA,439.263729151288,2024-06-12
TSM,169.464526156991,2024-06-12
UBER,73.15,2024-06-12
AMD,159.9,2024-06-13
AVGO,165.204650958741,2024-06-13
MA,441.246861111339,2024-06-13
TSM,169.929177157748,2024-06-13
UBER,70.86,2024-06-13
AMD,159.63,2024-06-14
AVGO,170.719705060455,2024-06-14
MA,440.879981698729,2024-06-14
TSM,169.536072821024,2024-06-14
UBER,70.06,2024-06-14
AMD,158.4,2024-06-17
AVGO,179.952131935814,2024-06-17
MA,444.330631309218,2024-06-17
TSM,174.184531602795,2024-06-17
UBER,70.49,2024-06-17
AMD,154.63,2024-06-18
AVGO,177.359416938844,2024-06-18
MA,446.313763269269,2024-06-18
TSM,176.592295665235,2024-06-18
UBER,70.33,2024-06-18
AMD,161.78,2024-06-20
AVGO,170.67247533755,2024-06-20
MA,448.69352162133,2024-06-20
TSM,172.356596437025,2024-06-20
UBER,70.3,2024-06-20
AMD,161.23,2024-06-21
AVGO,163.201323545522,2024-06-21
MA,451.01378601459,2024-06-21
TSM,170.961076041651,2024-06-21
UBER,70.21,2024-06-21
AMD,160.25,2024-06-24
AVGO,157.182485732821,2024-06-24
MA,453.105990232443,2024-06-24
TSM,164.917096864506,2024-06-24
UBER,70.54,2024-06-24
AMD,160.25,2024-06-25
AVGO,156.055106814796,2024-06-25
MA,451.80703879861,2024-06-25
TSM,169.624521296787,2024-06-25
UBER,71.38,2024-06-25
AMD,157.54,2024-06-26
AVGO,157.161754596851,2024-06-26
MA,448.564618043927,2024-06-26
TSM,169.103658050626,2024-06-26
UBER,70.85,2024-06-26
AMD,159.47,2024-06-27
AVGO,156.634591425025,2024-06-27
MA,439.015837656281,2024-06-27
TSM,168.671243280229,2024-06-27
UBER,70.34,2024-06-27
AMD,162.21,2024-06-28
AVGO,158.497432071534,2024-06-28
MA,437.439247748041,2024-06-28
TSM,170.813661915379,2024-06-28
UBER,72.68,2024-06-28
AMD,157.69,2024-07-01
AVGO,161.979275717659,2024-07-01
MA,433.91918851895,2024-07-01
TSM,169.359175869497,2024-07-01
UBER,71.1,2024-07-01
AMD,164.31,2024-07-02
AVGO,163.625920231902,2024-07-02
MA,440.89981301833,2024-07-02
TSM,172.671079906404,2024-07-02
UBER,70.67,2024-07-02
AMD,163.9,2024-07-03
AVGO,170.70807115827,2024-07-03
MA,444.40004092782,2024-07-03
TSM,179.344026022309,2024-07-03
UBER,71.3,2024-07-03
AMD,171.9,2024-07-05
AVGO,168.150243858267,2024-07-05
MA,445.698992361653,2024-07-05
TSM,180.818167285028,2024-07-05
UBER,71.06,2024-07-05
AMD,178.69,2024-07-08
AVGO,172.35076688471,2024-07-08
MA,442.47640292657,2024-07-08
TSM,183.412655907412,2024-07-08
UBER,71.25,2024-07-08
AMD,177.1,2024-07-09
AVGO,171.111834711223,2024-07-09
MA,441.603824864148,2024-07-09
TSM,181.339030531188,2024-07-09
UBER,71.32,2024-07-09
AMD,183.96,2024-07-10
AVGO,172.235264841444,2024-07-10
MA,430.62082890508,2024-07-10
TSM,187.756458828222,2024-07-10
UBER,69.27,2024-07-10
AMD,181.94,2024-07-11
AVGO,168.410863853328,2024-07-11
MA,433.381473458987,2024-07-11
TSM,181.319375314352,2024-07-11
UBER,73.53,2024-07-11
AMD,181.61,2024-07-12
AVGO,167.889623863207,2024-07-12
MA,437.045782237374,2024-07-12
TSM,184.120243713517,2024-07-12
UBER,72.43,2024-07-12
AMD,179.83,2024-07-15
AVGO,169.22530133789,2024-07-15
MA,440.908698537625,2024-07-15
TSM,182.026963120457,2024-07-15
UBER,72.29,2024-07-15
AMD,177.55,2024-07-16
AVGO,167.206483573126,2024-07-16
MA,440.441970861245,2024-07-16
TSM,182.832827010743,2024-07-16
UBER,74.3,2024-07-16
AMD,159.43,2024-07-17
AVGO,153.982980414678,2024-07-17
MA,448.018847820349,2024-07-17
TSM,168.24865611825,2024-07-17
UBER,68.62,2024-07-17
AMD,155.77,2024-07-18
AVGO,158.464854572151,2024-07-18
MA,445.59583605361,2024-07-18
TSM,168.907105882264,2024-07-18
UBER,66.26,2024-07-18
AMD,151.58,2024-07-19
AVGO,155.335440237528,2024-07-19
MA,440.600856878736,2024-07-19
TSM,162.912264747209,2024-07-19
UBER,67.31,2024-07-19
AMD,155.87,2024-07-22
AVGO,158.997940925683,2024-07-22
MA,444.821266718341,2024-07-22
TSM,166.430548560897,2024-07-22
UBER,67.73,2024-07-22
AMD,154.0,2024-07-23
AVGO,161.673244662853,2024-07-23
MA,438.644572788377,2024-07-23
TSM,166.892446156549,2024-07-23
UBER,67.52,2024-07-23
AMD,144.63,2024-07-24
AVGO,149.402386562107,2024-07-24
MA,429.439114149991,2024-07-24
TSM,157.04518252159,2024-07-24
UBER,66.14,2024-07-24
AMD,138.32,2024-07-25
AVGO,147.349016904057,2024-07-25
MA,426.608956963431,2024-07-25
TSM,157.51690772566,2024-07-25
UBER,65.74,2024-07-25
AMD,139.99,2024-07-26
AVGO,149.688673677892,2024-07-26
MA,435.129219651388,2024-07-26
TSM,159.148290723068,2024-07-26
UBER,64.4,2024-07-26
AMD,139.75,2024-07-29
AVGO,148.296725977003,2024-07-29
MA,438.227496992463,2024-07-29
TSM,157.251562298371,2024-07-29
UBER,63.76,2024-07-29
AMD,138.44,2024-07-30
AVGO,141.682506405402,2024-07-30
MA,444.334678289775,2024-07-30
TSM,151.875860493658,2024-07-30
UBER,63.09,2024-07-30
AMD,144.48,2024-07-31
AVGO,158.622806084309,2024-07-31
MA,460.481469817302,2024-07-31
TSM,162.941747572464,2024-07-31
UBER,64.47,2024-07-31
AMD,132.54,2024-08-01
AVGO,145.137695733851,2024-08-01
MA,459.190520925187,2024-08-01
TSM,155.453109957855,2024-08-01
UBER,61.02,2024-08-01
AMD,132.5,2024-08-02
AVGO,141.978665490698,2024-08-02
MA,458.803236257553,2024-08-02
TSM,147.276539753977,2024-08-02
UBER,58.99,2024-08-02
AMD,134.82,2024-08-05
AVGO,140.260942795983,2024-08-05
MA,438.922623318987,2024-08-05
TSM,145.399466546116,2024-08-05
UBER,58.48,2024-08-05
AMD,130.18,2024-08-06
AVGO,142.077385185796,2024-08-06
MA,445.178760257696,2024-08-06
TSM,152.711207209199,2024-08-06
UBER,64.87,2024-08-06
AMD,128.67,2024-08-07
AVGO,134.525328510759,2024-08-07
MA,446.708038176047,2024-08-07
TSM,152.367240914564,2024-08-07
UBER,65.54,2024-08-07
AMD,136.32,2024-08-08
AVGO,143.874083636589,2024-08-08
MA,452.408074053538,2024-08-08
TSM,161.713296520198,2024-08-08
UBER,69.01,2024-08-08
AMD,134.27,2024-08-09
AVGO,146.361819953072,2024-08-09
MA,453.599719184721,2024-08-09
TSM,164.238991883656,2024-08-09
UBER,68.54,2024-08-09
AMD,136.77,2024-08-12
AVGO,146.717210855427,2024-08-12
MA,452.517308190563,2024-08-12
TSM,164.74019991298,2024-08-12
UBER,69.26,2024-08-12
AMD,141.13,2024-08-13
AVGO,154.160675865856,2024-08-13
MA,456.161756216764,2024-08-13
TSM,169.369003477915,2024-08-13
UBER,71.06,2024-08-13
AMD,140.75,2024-08-14
AVGO,155.671087200863,2024-08-14
MA,456.956186304219,2024-08-14
TSM,167.039860282821,2024-08-14
UBER,71.93,2024-08-14
AMD,147.36,2024-08-15
AVGO,164.003029467178,2024-08-15
MA,465.446657863897,2024-08-15
TSM,170.961076041651,2024-08-15
UBER,72.73,2024-08-15
AMD,148.56,2024-08-16
AVGO,163.598278717275,2024-08-16
MA,465.615474257481,2024-08-16
TSM,171.531077329902,2024-08-16
UBER,72.04,2024-08-16
AMD,155.28,2024-08-19
AVGO,165.562800649735,2024-08-19
MA,463.728702799775,2024-08-19
TSM,172.425389695951,2024-08-19
UBER,74.18,2024-08-19
AMD,156.4,2024-08-20
AVGO,163.825334016001,2024-08-20
MA,465.853803283717,2024-08-20
TSM,169.074175225372,2024-08-20
UBER,73.31,2024-08-20
AMD,157.81,2024-08-21
AVGO,163.657510534334,2024-08-21
MA,464.74160116128,2024-08-21
TSM,168.484518720284,2024-08-21
UBER,73.48,2024-08-21
AMD,151.7,2024-08-22
AVGO,160.261553022944,2024-08-22
MA,465.555892000922,2024-08-22
TSM,163.570714511223,2024-08-22
UBER,73.31,2024-08-22
AMD,154.98,2024-08-23
AVGO,164.230084765905,2024-08-23
MA,463.192462490742,2024-08-23
TSM,168.327276985594,2024-08-23
UBER,74.3,2024-08-23
AMD,149.99,2024-08-26
AVGO,157.576377316265,2024-08-26
MA,465.377145231244,2024-08-26
TSM,166.15537552519,2024-08-26
UBER,72.61,2024-08-26
AMD,150.5,2024-08-27
AVGO,159.323715919508,2024-08-27
MA,471.68293405042,2024-08-27
TSM,167.609861571072,2024-08-27
UBER,72.56,2024-08-27
AMD,146.36,2024-08-28
AVGO,156.154813706846,2024-08-28
MA,468.515144076692,2024-08-28
TSM,166.283134434625,2024-08-28
UBER,71.85,2024-08-28
AMD,145.49,2024-08-29
AVGO,154.920817518114,2024-08-29
MA,477.452482560563,2024-08-29
TSM,166.233996392535,2024-08-29
UBER,72.24,2024-08-29
AMD,148.56,2024-08-30
AVGO,160.735407559417,2024-08-30
MA,479.974798088233,2024-08-30
TSM,168.740036539156,2024-08-30
UBER,73.13,2024-08-30
AMD,136.94,2024-09-03
AVGO,150.833822141035,2024-09-03
MA,478.763292204864,2024-09-03
TSM,157.723287502441,2024-09-03
UBER,71.89,2024-09-03
AMD,140.87,2024-09-04
AVGO,152.146794085846,2024-09-04
MA,479.776190566369,2024-09-04
TSM,158.096736622329,2024-09-04
UBER,71.56,2024-09-04
AMD,139.44,2024-09-05
AVGO,150.863438049565,2024-09-05
MA,474.036433184506,2024-09-05
TSM,160.877949804658,2024-09-05
UBER,71.25,2024-09-05
AMD,134.35,2024-09-06
AVGO,135.241046300223,2024-09-06
MA,472.80506654895,2024-09-06
TSM,154.11655521299,2024-09-06
UBER,69.58,2024-09-06
AMD,138.15,2024-09-09
AVGO,139.017074637742,2024-09-09
MA,483.698689123179,2024-09-09
TSM,159.973809830191,2024-09-09
UBER,69.8,2024-09-09
AMD,142.84,2024-09-10
AVGO,146.312460105523,2024-09-10
MA,484.622214099846,2024-09-10
TSM,159.629843535556,2024-09-10
UBER,68.99,2024-09-10
AMD,149.86,2024-09-11
AVGO,156.243661432434,2024-09-11
MA,484.781100117337,2024-09-11
TSM,167.295378101692,2024-09-11
UBER,70.11,2024-09-11
AMD,150.77,2024-09-12
AVGO,162.453130254132,2024-09-12
MA,488.683737921961,2024-09-12
TSM,169.08989841608,2024-09-12
UBER,68.09,2024-09-12
AMD,152.31,2024-09-13
AVGO,165.543056710715,2024-09-13
MA,489.925034933609,2024-09-13
TSM,170.145292403744,2024-09-13
UBER,72.48,2024-09-13
AMD,152.08,2024-09-16
AVGO,161.9200439006,2024-09-16
MA,494.244748534147,2024-09-16
TSM,166.771977041304,2024-09-16
UBER,71.52,2024-09-16
AMD,150.82,2024-09-17
AVGO,160.389888626573,2024-09-17
MA,497.501911892713,2024-09-17
TSM,165.065592369661,2024-09-17
UBER,72.78,2024-09-17
AMD,148.29,2024-09-18
AVGO,159.600131065784,2024-09-18
MA,491.315287586656,2024-09-18
TSM,164.996547903178,2024-09-18
UBER,73.5,2024-09-18
AMD,156.74,2024-09-19
AVGO,165.799727917972,2024-09-19
MA,489.577471770348,2024-09-19
TSM,173.814512622538,2024-09-19
UBER,75.28,2024-09-19
AMD,155.95,2024-09-20
AVGO,169.444113288526,2024-09-20
MA,489.309351615831,2024-09-20
TSM,171.70372464721,2024-09-20
UBER,73.94,2024-09-20
AMD,156.75,2024-09-23
AVGO,171.266305973803,2024-09-23
MA,493.678717096835,2024-09-23
TSM,172.374442321613,2024-09-23
UBER,74.71,2024-09-23
AMD,158.32,2024-09-24
AVGO,173.147917985773,2024-09-24
MA,484.016461158161,2024-09-24
TSM,179.486022369329,2024-09-24
UBER,77.44,2024-09-24
AMD,162.02,2024-09-25
AVGO,173.821337021637,2024-09-25
MA,486.042257881172,2024-09-25
TSM,179.860835187378,2024-09-25
UBER,77.14,2024-09-25
AMD,167.49,2024-09-26
AVGO,176.366464848355,2024-09-26
MA,487.849586330133,2024-09-26
TSM,184.279681042269,2024-09-26
UBER,76.69,2024-09-26
AMD,164.35,2024-09-27
AVGO,171.018725445912,2024-09-27
MA,490.203085464219,2024-09-27
TSM,175.540624284604,2024-09-27
UBER,75.75,2024-09-27
AMD,164.08,2024-09-30
AVGO,170.830564244715,2024-09-30
MA,490.36197148171,2024-09-30
TSM,171.299321343526,2024-09-30
UBER,75.16,2024-09-30
AMD,159.75,2024-10-01
AVGO,165.84924402355,2024-10-01
MA,492.924008513753,2024-10-01
TSM,169.721162109636,2024-10-01
UBER,74.24,2024-10-01
AMD,159.78,2024-10-02
AVGO,169.008371559438,2024-10-02
MA,492.119648050204,2024-10-02
TSM,173.400245823641,2024-10-02
UBER,72.87,2024-10-02
AMD,162.85,2024-10-03
AVGO,170.226467756661,2024-10-03
MA,491.523825484613,2024-10-03
TSM,177.030012061588,2024-10-03
UBER,72.94,2024-10-03
AMD,170.9,2024-10-04
AVGO,174.930497786588,2024-10-04
MA,494.234818158054,2024-10-04
TSM,178.687079257172,2024-10-04
UBER,74.28,2024-10-04
AMD,170.97,2024-10-07
AVGO,173.385595292549,2024-10-07
MA,487.879377458412,2024-10-07
TSM,181.991350153129,2024-10-07
UBER,74.59,2024-10-07
AMD,172.8,2024-10-08
AVGO,178.980915222883,2024-10-08
MA,493.599274088089,2024-10-08
TSM,183.510328415748,2024-10-08
UBER,76.17,2024-10-08
AMD,171.02,2024-10-09
AVGO,184.150396645244,2024-10-09
MA,497.124557601172,2024-10-09
TSM,184.585449393835,2024-10-09
UBER,77.87,2024-10-09
AMD,164.18,2024-10-10
AVGO,183.892912896238,2024-10-10
MA,495.205464899561,2024-10-10
TSM,183.244014045029,2024-10-10
UBER,77.92,2024-10-10
AMD,167.89,2024-10-11
AVGO,179.723656806555,2024-10-11
MA,499.421502751804,2024-10-11
TSM,188.20535213657,2024-10-11
UBER,86.34,2024-10-11
AMD,165.27,2024-10-14
AVGO,180.545624159153,2024-10-14
MA,503.796636372057,2024-10-14
TSM,189.586241466224,2024-10-14
UBER,84.94,2024-10-14
AMD,156.64,2024-10-15
AVGO,174.276885192956,2024-10-15
MA,504.363415045589,2024-10-15
TSM,184.575585898624,2024-10-15
UBER,83.2,2024-10-15
AMD,156.13,2024-10-16
AVGO,175.108755766669,2024-10-16
MA,511.164759127982,2024-10-16
TSM,184.920808231037,2024-10-16
UBER,81.9,2024-10-16
AMD,156.25,2024-10-17
AVGO,179.773172912134,2024-10-17
MA,510.856511077464,2024-10-17
TSM,203.030185439922,2024-10-17
UBER,79.9,2024-10-17
AMD,155.97,2024-10-18
AVGO,178.149044649169,2024-10-18
MA,513.421930336612,2024-10-18
TSM,198.039256862746,2024-10-18
UBER,79.16,2024-10-18
AMD,157.9,2024-10-21
AVGO,178.248076860326,2024-10-21
MA,512.099446765036,2024-10-21
TSM,199.193285802528,2024-10-21
UBER,80.46,2024-10-21
AMD,154.09,2024-10-22
AVGO,177.643980372272,2024-10-22
MA,510.120693150421,2024-10-22
TSM,195.770652964029,2024-10-22
UBER,80.41,2024-10-22
AMD,152.91,2024-10-23
AVGO,171.830789577394,2024-10-23
MA,510.826680620962,2024-10-23
TSM,198.11816482444,2024-10-23
UBER,79.83,2024-10-23
AMD,153.44,2024-10-24
AVGO,169.691693816416,2024-10-24
MA,507.734256630284,2024-10-24
TSM,195.22816072738,2024-10-24
UBER,78.38,2024-10-24
AMD,156.23,2024-10-25
AVGO,171.325725300496,2024-10-25
MA,504.492680357097,2024-10-25
TSM,200.662946589088,2024-10-25
UBER,77.62,2024-10-25
AMD,159.92,2024-10-28
AVGO,170.355209631164,2024-10-28
MA,505.337876624646,2024-10-28
TSM,192.022524783541,2024-10-28
UBER,77.69,2024-10-28
AMD,166.25,2024-10-29
AVGO,177.505335276653,2024-10-29
MA,503.418783923035,2024-10-29
TSM,194.25167470141,2024-10-29
UBER,79.21,2024-10-29
AMD,148.6,2024-10-30
AVGO,174.930497786588,2024-10-30
MA,510.78690667896,2024-10-30
TSM,191.825254879305,2024-10-30
UBER,79.43,2024-10-30
AMD,144.07,2024-10-31
AVGO,168.126984880146,2024-10-31
MA,496.766592123151,2024-10-31
TSM,187.939037765851,2024-10-31
UBER,72.05,2024-10-31
AMD,141.86,2024-11-01
AVGO,167.285211085317,2024-11-01
MA,505.208611313138,2024-11-01
TSM,190.316140111898,2024-11-01
UBER,73.25,2024-11-01
AMD,140.71,2024-11-04
AVGO,166.918791904038,2024-11-04
MA,502.722739937995,2024-11-04
TSM,188.945114277456,2024-11-04
UBER,73.25,2024-11-04
AMD,141.66,2024-11-05
AVGO,172.217015200904,2024-11-05
MA,502.702852966994,2024-11-05
TSM,193.087782266417,2024-11-05
UBER,74.15,2024-11-05
AMD,145.1,2024-11-06
AVGO,177.812335131238,2024-11-06
MA,518.184859891387,2024-11-06
TSM,190.582454482617,2024-11-06
UBER,74.36,2024-11-06
AMD,149.82,2024-11-07
AVGO,182.031107326498,2024-11-07
MA,514.9532271037,2024-11-07
TSM,198.44366016643,2024-11-07
UBER,73.13,2024-11-07
AMD,147.95,2024-11-08
AVGO,181.862752567533,2024-11-08
MA,521.794345128095,2024-11-08
TSM,198.453523661642,2024-11-08
UBER,72.04,2024-11-08
AMD,147.35,2024-11-11
AVGO,177.178528979837,2024-11-11
MA,527.124053356402,2024-11-11
TSM,191.401124585197,2024-11-11
UBER,71.65,2024-11-11
AMD,143.63,2024-11-12
AVGO,174.514562499731,2024-11-12
MA,526.179422233848,2024-11-12
TSM,189.152247676904,2024-11-12
UBER,71.37,2024-11-12
AMD,139.3,2024-11-13
AVGO,171.900112125203,2024-11-13
MA,518.93062130393,2024-11-13
TSM,184.112001623668,2024-11-13
UBER,71.16,2024-11-13
AMD,138.84,2024-11-14
AVGO,168.7310813682,2024-11-14
MA,517.458985449845,2024-11-14
TSM,185.926884742642,2024-11-14
UBER,71.44,2024-11-14
AMD,134.9,2024-11-15
AVGO,163.244696870138,2024-11-15
MA,518.94056478943,2024-11-15
TSM,183.470874434901,2024-11-15
UBER,73.25,2024-11-15
AMD,138.93,2024-11-18
AVGO,164.066664222735,2024-11-18
MA,518.682034166415,2024-11-18
TSM,184.920808231037,2024-11-18
UBER,69.33,2024-11-18
AMD,139.39,2024-11-19
AVGO,163.749761147035,2024-11-19
MA,516.524297812791,2024-11-19
TSM,187.080913682424,2024-11-19
UBER,69.13,2024-11-19
AMD,137.6,2024-11-20
AVGO,161.670084712752,2024-11-20
MA,509.643405846394,2024-11-20
TSM,185.788795809676,2024-11-20
UBER,69.6,2024-11-20
AMD,137.49,2024-11-21
AVGO,162.35340696973,2024-11-21
MA,512.188938134541,2024-11-21
TSM,188.629482430678,2024-11-21
UBER,69.64,2024-11-21
AMD,138.35,2024-11-22
AVGO,162.640600382084,2024-11-22
MA,517.916385782871,2024-11-22
TSM,187.485316986108,2024-11-22
UBER,71.51,2024-11-22
AMD,141.13,2024-11-25
AVGO,163.224890427906,2024-11-25
MA,523.6239464602,2024-11-25
TSM,182.553569380202,2024-11-25
UBER,73.42,2024-11-25
AMD,137.72,2024-11-26
AVGO,163.145664658981,2024-11-26
MA,525.493321734308,2024-11-26
TSM,181.330495973938,2024-11-26
UBER,71.56,2024-11-26
AMD,136.24,2024-11-27
AVGO,158.124731553354,2024-11-27
MA,529.371281079532,2024-11-27
TSM,178.716669742808,2024-11-27
UBER,71.62,2024-11-27
AMD,137.18,2024-11-29
AVGO,160.511407842222,2024-11-29
MA,529.928116267564,2024-11-29
TSM,182.139302581306,2024-11-29
UBER,71.96,2024-11-29
AMD,142.06,2024-12-02
AVGO,164.898534796449,2024-12-02
MA,528.357045558473,2024-12-02
TSM,191.74634691761,2024-12-02
UBER,73.07,2024-12-02
AMD,141.98,2024-12-03
AVGO,166.522663059413,2024-12-03
MA,523.206320069176,2024-12-03
TSM,196.175056267714,2024-12-03
UBER,71.27,2024-12-03
AMD,143.99,2024-12-04
AVGO,168.909339348281,2024-12-04
MA,518.194803376887,2024-12-04
TSM,197.95048540584,2024-12-04
UBER,72.16,2024-12-04
AMD,141.36,2024-12-05
AVGO,168.820210358241,2024-12-05
MA,521.804288613595,2024-12-05
TSM,201.511207177303,2024-12-05
UBER,65.23,2024-12-05
AMD,138.59,2024-12-06
AVGO,177.792528689006,2024-12-06
MA,525.582813103813,2024-12-06
TSM,200.248679790192,2024-12-06
UBER,66.09,2024-12-06
AMD,130.87,2024-12-09
AVGO,177.208238643184,2024-12-09
MA,519.865308940984,2024-12-09
TSM,196.451234133644,2024-12-09
UBER,65.74,2024-12-09
AMD,127.74,2024-12-10
AVGO,170.147241987736,2024-12-10
MA,526.020326465838,2024-12-10
TSM,189.319927095505,2024-12-10
UBER,64.96,2024-12-10
AMD,130.15,2024-12-11
AVGO,181.427010838445,2024-12-11
MA,531.429582578151,2024-12-11
TSM,191.943616821847,2024-12-11
UBER,61.18,2024-12-11
AMD,130.6,2024-12-12
AVGO,178.911592675073,2024-12-12
MA,529.401111536033,2024-12-12
TSM,189.45366918613,2024-12-12
UBER,61.41,2024-12-12
AMD,126.91,2024-12-13
AVGO,222.624410679489,2024-12-13
MA,526.010382980338,2024-12-13
TSM,198.88380324726,2024-12-13
UBER,59.93,2024-12-13
AMD,126.69,2024-12-16
AVGO,247.580527890891,2024-12-16
MA,527.312979580913,2024-12-16
TSM,200.100913939305,2024-12-16
UBER,60.25,2024-12-16
AMD,125.02,2024-12-17
AVGO,237.905080860915,2024-12-17
MA,528.009023565953,2024-12-17
TSM,198.557261354272,2024-12-17
UBER,61.03,2024-12-17
AMD,121.41,2024-12-18
AVGO,221.455830587844,2024-12-18
MA,517.02147208782,2024-12-18
TSM,193.51070482628,2024-12-18
UBER,61.23,2024-12-18
AMD,118.88,2024-12-19
AVGO,216.207123396557,2024-12-19
MA,520.32270927401,2024-12-19
TSM,192.600345609466,2024-12-19
UBER,60.21,2024-12-19
AMD,119.21,2024-12-20
AVGO,218.653219012119,2024-12-20
MA,525.045864886782,2024-12-20
TSM,195.143414291219,2024-12-20
UBER,60.73,2024-12-20
AMD,124.6,2024-12-23
AVGO,230.685632667616,2024-12-23
MA,525.970609038336,2024-12-23
TSM,205.18705130281,2024-12-23
UBER,61.87,2024-12-23
AMD,126.29,2024-12-24
AVGO,237.96312648063,2024-12-24
MA,532.682461751223,2024-12-24
TSM,204.167844788333,2024-12-24
UBER,61.71,2024-12-24
AMD,125.06,2024-12-26
AVGO,243.602439558108,2024-12-26
MA,533.119975113248,2024-12-26
TSM,200.932111485092,2024-12-26
UBER,61.56,2024-12-26
AMD,125.19,2024-12-27
AVGO,240.018298676119,2024-12-27
MA,529.192298340521,2024-12-27
TSM,199.517096615478,2024-12-27
UBER,61.13,2024-12-27
AMD,122.44,2024-12-30
AVGO,233.892495562027,2024-12-30
MA,522.57988048264,2024-12-30
TSM,198.290090714555,2024-12-30
UBER,60.77,2024-12-30
AMD,120.79,2024-12-31
AVGO,230.179285894815,2024-12-31
MA,523.594116003699,2024-12-31
TSM,195.420480139814,2024-12-31
UBER,60.32,2024-12-31
AMD,120.63,2025-01-02
AVGO,230.318283048133,2025-01-02
MA,519.447682549959,2025-01-02
TSM,199.467620571086,2025-01-02
UBER,63.17,2025-01-02
AMD,125.37,2025-01-03
AVGO,230.884200029499,2025-01-03
MA,518.4135600579,2025-01-03
TSM,206.423952412612,2025-01-03
UBER,64.59,2025-01-03
AMD,129.55,2025-01-06
AVGO,234.716550113842,2025-01-06
MA,509.036853230859,2025-01-06
TSM,217.704490534005,2025-01-06
UBER,66.31,2025-01-06
AMD,127.33,2025-01-07
AVGO,227.002208104686,2025-01-07
MA,508.509848499329,2025-01-07
TSM,209.204506107446,2025-01-07
UBER,66.15,2025-01-07
AMD,121.84,2025-01-08
AVGO,227.667408766994,2025-01-08
MA,513.481591249615,2025-01-08
TSM,204.949566289728,2025-01-08
UBER,64.91,2025-01-08
AMD,116.04,2025-01-10
AVGO,222.703224719918,2025-01-10
MA,502.573587655486,2025-01-10
TSM,206.18646739953,2025-01-10
UBER,65.97,2025-01-10
AMD,117.32,2025-01-13
AVGO,223.676204793145,2025-01-13
MA,502.812590689226,2025-01-13
TSM,199.249925975761,2025-01-13
UBER,65.7,2025-01-13
AMD,116.09,2025-01-14
AVGO,223.09043107559,2025-01-14
MA,506.905517642015,2025-01-14
TSM,199.338982855667,2025-01-14
UBER,64.84,2025-01-14
AMD,119.96,2025-01-15
AVGO,226.36679254666,2025-01-15
MA,520.180144474297,2025-01-15
TSM,204.632919605619,2025-01-15
UBER,67.02,2025-01-15
AMD,118.44,2025-01-16
AVGO,227.766692447936,2025-01-16
MA,520.966862793689,2025-01-16
TSM,212.539191499472,2025-01-16
UBER,68.58,2025-01-16
AMD,121.46,2025-01-17
AVGO,235.73917202754,2025-01-17
MA,522.520382512996,2025-01-17
TSM,209.283667778474,2025-01-17
UBER,67.34,2025-01-17
AMD,122.28,2025-01-21
AVGO,238.588613670561,2025-01-21
MA,525.866424985349,2025-01-21
TSM,216.408218170932,2025-01-21
UBER,67.74,2025-01-21
AMD,123.75,2025-01-22
AVGO,239.18431575621,2025-01-22
MA,524.990080528304,2025-01-22
TSM,220.861062166219,2025-01-22
UBER,67.82,2025-01-22
AMD,123.04,2025-01-23
AVGO,238.558828566279,2025-01-23
MA,532.000836184663,2025-01-23
TSM,222.266181826954,2025-01-23
UBER,68.3,2025-01-23
AMD,122.84,2025-01-24
AVGO,242.947167263894,2025-01-24
MA,531.273868623705,2025-01-24
TSM,219.554894594268,2025-01-24
UBER,68.56,2025-01-24
AMD,115.01,2025-01-27
AVGO,200.68210428709,2025-01-27
MA,545.365089154597,2025-01-27
TSM,190.294761940796,2025-01-27
UBER,68.77,2025-01-27
AMD,114.17,2025-01-28
AVGO,205.874640800331,2025-01-28
MA,545.086252281901,2025-01-28
TSM,200.279027699116,2025-01-28
UBER,68.07,2025-01-28
AMD,117.35,2025-01-29
AVGO,204.871875622822,2025-01-29
MA,546.520270484338,2025-01-29
TSM,200.209761236967,2025-01-29
UBER,66.75,2025-01-29
AMD,118.86,2025-01-30
AVGO,214.115186318477,2025-01-30
MA,563.658779695408,2025-01-30
TSM,205.968772804205,2025-01-30
UBER,66.59,2025-01-30
AMD,115.95,2025-01-31
AVGO,219.685000819296,2025-01-31
MA,553.122729291392,2025-01-31
TSM,207.126512242979,2025-01-31
UBER,66.85,2025-01-31
AMD,114.27,2025-02-03
AVGO,216.170358513966,2025-02-03
MA,561.607336989144,2025-02-03
TSM,197.706273390728,2025-02-03
UBER,67.29,2025-02-03
AMD,119.5,2025-02-04
AVGO,220.836691518218,2025-02-04
MA,556.787442475398,2025-02-04
TSM,201.911737164055,2025-02-04
UBER,69.75,2025-02-04
AMD,112.01,2025-02-05
AVGO,230.338139784321,2025-02-05
MA,563.937616568104,2025-02-05
TSM,206.384371577098,2025-02-05
UBER,64.48,2025-02-05
AMD,110.16,2025-02-06
AVGO,229.702724226295,2025-02-06
MA,564.80400256541,2025-02-06
TSM,208.294146890632,2025-02-06
UBER,69.99,2025-02-06
AMD,107.56,2025-02-07
AVGO,223.259213333191,2025-02-07
MA,560.412321820447,2025-02-07
TSM,203.960045401886,2025-02-07
UBER,74.6,2025-02-07
AMD,110.48,2025-02-10
AVGO,233.356363684943,2025-02-10
MA,563.140939788973,2025-02-10
TSM,205.770868626636,2025-02-10
UBER,78.63,2025-02-10
AMD,111.1,2025-02-11
AVGO,233.356363684943,2025-02-11
MA,562.35422146958,2025-02-11
TSM,206.552590128031,2025-02-11
UBER,76.95,2025-02-11
AMD,111.72,2025-02-12
AVGO,234.656979905277,2025-02-12
MA,562.254636872189,2025-02-12
TSM,204.217320832725,2025-02-12
UBER,79.35,2025-02-12
AMD,111.81,2025-02-13
AVGO,234.110919660099,2025-02-13
MA,563.957533487583,2025-02-13
TSM,199.715000793046,2025-02-13
UBER,80.29,2025-02-13
AMD,113.1,2025-02-14
AVGO,231.370690066113,2025-02-14
MA,562.413972228015,2025-02-14
TSM,201.763309030878,2025-02-14
UBER,79.42,2025-02-14
AMD,114.28,2025-02-18
AVGO,226.89299605565,2025-02-18
MA,566.247979227586,2025-02-18
TSM,200.615464800982,2025-02-18
UBER,81.49,2025-02-18
AMD,114.69,2025-02-19
AVGO,227.091563417533,2025-02-19
MA,566.138436170456,2025-02-19
TSM,198.844222411746,2025-02-19
UBER,81.16,2025-02-19
AMD,114.17,2025-02-20
AVGO,225.115818166797,2025-02-20
MA,560.940120186621,2025-02-20
TSM,198.003129657081,2025-02-20
UBER,81.26,2025-02-20
AMD,110.84,2025-02-21
AVGO,217.093696746723,2025-02-21
MA,555.194088917134,2025-02-21
TSM,196.162620805696,2025-02-21
UBER,78.89,2025-02-21
AMD,108.11,2025-02-24
AVGO,206.440557781698,2025-02-24
MA,556.677899418267,2025-02-24
TSM,189.64167815482,2025-02-24
UBER,76.42,2025-02-24
AMD,103.96,2025-02-25
AVGO,201.08916737895,2025-02-25
MA,561.687004667057,2025-02-25
TSM,187.385570530542,2025-02-25
UBER,74.95,2025-02-25
AMD,104.74,2025-02-26
AVGO,211.414670196868,2025-02-26
MA,558.938469779053,2025-02-26
TSM,192.580555191709,2025-02-26
UBER,75.87,2025-02-26
AMD,99.51,2025-02-27
AVGO,196.383120902322,2025-02-27
MA,562.47372298645,2025-02-27
TSM,179.192337579214,2025-02-27
UBER,74.21,2025-02-27
AMD,99.86,2025-02-28
AVGO,198.001444901669,2025-02-28
MA,573.915993226729,2025-02-28
TSM,178.638205882023,2025-02-28
UBER,76.01,2025-02-28
AMD,98.23,2025-03-03
AVGO,186.027832980122,2025-03-03
MA,572.531767322988,2025-03-03
TSM,171.157427969941,2025-03-03
UBER,74.44,2025-03-03
AMD,100.75,2025-03-04
AVGO,186.137045029157,2025-03-04
MA,552.764224740783,2025-03-04
TSM,178.113759811467,2025-03-04
UBER,75.26,2025-03-04
AMD,101.67,2025-03-05
AVGO,190.20767594776,2025-03-05
MA,555.980807236527,2025-03-05
TSM,182.348909211428,2025-03-05
UBER,76.48,2025-03-05
AMD,98.85,2025-03-06
AVGO,178.164565449553,2025-03-06
MA,547.536033377731,2025-03-06
TSM,174.007248126925,2025-03-06
UBER,74.96,2025-03-06
AMD,100.31,2025-03-07
AVGO,193.563464363583,2025-03-07
MA,544.498703157291,2025-03-07
TSM,175.244149236727,2025-03-07
UBER,76.27,2025-03-07
AMD,96.63,2025-03-10
AVGO,183.128749496629,2025-03-10
MA,534.888789509015,2025-03-10
TSM,168.861739510149,2025-03-10
UBER,73.06,2025-03-10
AMD,96.76,2025-03-11
AVGO,188.728349101731,2025-03-11
MA,523.615813084302,2025-03-11
TSM,169.178386194258,2025-03-11
UBER,70.65,2025-03-11
AMD,100.79,2025-03-12
AVGO,192.83869349271,2025-03-12
MA,522.460631754561,2025-03-12
TSM,175.313415698876,2025-03-12
UBER,71.2,2025-03-12
AMD,98.11,2025-03-13
AVGO,189.989251849688,2025-03-13
MA,517.670612620032,2025-03-13
TSM,169.79188914472,2025-03-13
UBER,69.51,2025-03-13
AMD,100.97,2025-03-14
AVGO,194.139309713044,2025-03-14
MA,525.448169676305,2025-03-14
TSM,172.265691364324,2025-03-14
UBER,71.55,2025-03-14
AMD,104.59,2025-03-17
AVGO,193.106759431252,2025-03-17
MA,529.780099662833,2025-03-17
TSM,174.393161273183,2025-03-17
UBER,72.73,2025-03-17
AMD,103.51,2025-03-18
AVGO,187.318520832361,2025-03-18
MA,527.987576909787,2025-03-18
TSM,171.992374810372,2025-03-18
UBER,71.55,2025-03-18
AMD,106.23,2025-03-19
AVGO,194.169094817326,2025-03-19
MA,533.863068155883,2025-03-19
TSM,172.618235124186,2025-03-19
UBER,73.02,2025-03-19
AMD,107.14,2025-03-20
AVGO,189.760899383523,2025-03-20
MA,534.151863488319,2025-03-20
TSM,176.303856972199,2025-03-20
UBER,74.35,2025-03-20
AMD,106.44,2025-03-21
AVGO,190.876319806056,2025-03-21
MA,533.464729766318,2025-03-21
TSM,175.568719460735,2025-03-21
UBER,75.84,2025-03-21
AMD,113.85,2025-03-24
AVGO,190.467996258522,2025-03-24
MA,541.411580638156,2025-03-24
TSM,179.969610238821,2025-03-24
UBER,76.51,2025-03-24
AMD,114.81,2025-03-25
AVGO,187.490222094794,2025-03-25
MA,542.895391139289,2025-03-25
TSM,179.711318680739,2025-03-25
UBER,75.61,2025-03-25
AMD,110.19,2025-03-26
AVGO,178.536981381779,2025-03-26
MA,546.789148897295,2025-03-26
TSM,172.359943566104,2025-03-26
UBER,74.18,2025-03-26
AMD,106.65,2025-03-27
AVGO,171.286748635311,2025-03-27
MA,555.253839675569,2025-03-27
TSM,167.134506660296,2025-03-27
UBER,74.86,2025-03-27
AMD,103.22,2025-03-28
AVGO,168.428483802568,2025-03-28
MA,538.364291957977,2025-03-28
TSM,164.164153742355,2025-03-28
UBER,72.75,2025-03-28
AMD,102.74,2025-03-31
AVGO,166.745394057852,2025-03-31
MA,545.843095222076,2025-03-31
TSM,164.909225544514,2025-03-31
UBER,72.86,2025-03-31
AMD,102.78,2025-04-01
AVGO,167.83093714764,2025-04-01
MA,546.231475151903,2025-04-01
TSM,167.531878288114,2025-04-01
UBER,72.99,2025-04-01
AMD,102.96,2025-04-02
AVGO,171.386339744465,2025-04-02
MA,545.106169201379,2025-04-02
TSM,169.270379159818,2025-04-02
UBER,74.5,2025-04-02
AMD,93.8,2025-04-03
AVGO,153.380267209281,2025-04-03
MA,528.346081460396,2025-04-03
TSM,156.345866965034,2025-04-03
UBER,69.85,2025-04-03
AMD,85.76,2025-04-04
AVGO,145.691833582531,2025-04-04
MA,487.735482644159,2025-04-04
TSM,145.835387409245,2025-04-04
UBER,64.62,2025-04-04
AMD,83.64,2025-04-07
AVGO,153.509735651182,2025-04-07
MA,483.503137255021,2025-04-07
TSM,145.209527095432,2025-04-07
UBER,65.64,2025-04-07
AMD,78.21,2025-04-08
AVGO,155.392007614207,2025-04-08
MA,477.9263998011,2025-04-08
TSM,140.441067561614,2025-04-08
UBER,65.07,2025-04-08
AMD,96.84,2025-04-09
AVGO,184.39293860008,2025-04-09
MA,514.045733274982,2025-04-09
TSM,157.706864790311,2025-04-09
UBER,72.68,2025-04-09
AMD,88.7,2025-04-10
AVGO,171.59548107369,2025-04-10
MA,497.998945450458,2025-04-10
TSM,150.136935280376,2025-04-10
UBER,70.94,2025-04-10
AMD,93.4,2025-04-11
AVGO,181.196063996211,2025-04-11
MA,508.380987790626,2025-04-11
TSM,156.047838244171,2025-04-11
UBER,72.28,2025-04-11
AMD,94.5,2025-04-14
AVGO,177.63070228847,2025-04-14
MA,511.083709667845,2025-04-14
TSM,154.815986197934,2025-04-14
UBER,73.1,2025-04-14
AMD,95.29,2025-04-15
AVGO,178.218289832483,2025-04-15
MA,515.990496249365,2025-04-15
TSM,156.296195511557,2025-04-15
UBER,74.02,2025-04-15
AMD,88.29,2025-04-16
AVGO,173.896035695166,2025-04-16
MA,512.051104583308,2025-04-16
TSM,150.673386977931,2025-04-16
UBER,73.06,2025-04-16
AMD,87.5,2025-04-17
AVGO,170.290837543763,2025-04-17
MA,515.940630532074,2025-04-17
TSM,150.742927012799,2025-04-17
UBER,75.24,2025-04-17
AMD,85.56,2025-04-21
AVGO,165.530382526164,2025-04-21
MA,507.952142621916,2025-04-21
TSM,146.888422222963,2025-04-21
UBER,72.92,2025-04-21
AMD,86.26,2025-04-22
AVGO,168.88660290468,2025-04-22
MA,525.913773990448,2025-04-22
TSM,150.405161129153,2025-04-22
UBER,74.44,2025-04-22
AMD,90.39,2025-04-23
AVGO,176.186631205726,2025-04-23
MA,528.586576437292,2025-04-23
TSM,156.773041464939,2025-04-23
UBER,73.77,2025-04-23
AMD,94.47,2025-04-24
AVGO,187.380671874723,2025-04-24
MA,534.021939622106,2025-04-24
TSM,163.101184637942,2025-04-24
UBER,78.1,2025-04-24
AMD,96.645,2025-04-25
AVGO,191.523662015562,2025-04-25
MA,532.047257217348,2025-04-25
TSM,164.015139381924,2025-04-25
UBER,77.75,2025-04-25
AMD,96.39,2025-04-28
AVGO,191.68300779021,2025-04-28
MA,533.054544706644,2025-04-28
TSM,162.326309963697,2025-04-28
UBER,78.33,2025-04-28
AMD,96.06,2025-04-29
AVGO,190.388323371198,2025-04-29
MA,538.23060616154,2025-04-29
TSM,163.399213358806,2025-04-29
UBER,79.42,2025-04-29
AMD,97.35,2025-04-30
AVGO,191.68300779021,2025-04-30
MA,546.588100379658,2025-04-30
TSM,165.594691602501,2025-04-30
UBER,81.01,2025-04-30
AMD,96.65,2025-05-01
AVGO,196.523135695132,2025-05-01
MA,545.16194086511,2025-05-01
TSM,171.585068891859,2025-05-01
UBER,80.89,2025-05-01
AMD,98.8,2025-05-02
AVGO,202.807334682799,2025-05-02
MA,557.887671917996,2025-05-02
TSM,178.101963588076,2025-05-02
UBER,84.28,2025-05-02
AMD,100.59,2025-05-05
AVGO,199.89927429548,2025-05-05
MA,559.613025736294,2025-05-05
TSM,175.240887867785,2025-05-05
UBER,85.43,2025-05-05
AMD,98.62,2025-05-06
AVGO,199.271850307804,2025-05-06
MA,557.488746179661,2025-05-06
TSM,171.147960101259,2025-05-06
UBER,85.83,2025-05-06
AMD,100.36,2025-05-07
AVGO,203.97255065991,2025-05-07
MA,564.809033478107,2025-05-07
TSM,173.393109798431,2025-05-07
UBER,83.65,2025-05-07
AMD,101.7,2025-05-08
AVGO,206.920447490892,2025-05-08
MA,565.596911811319,2025-05-08
TSM,174.068641565722,2025-05-08
UBER,82.3,2025-05-08
AMD,102.84,2025-05-09
AVGO,207.348689260257,2025-05-09
MA,567.112829616992,2025-05-09
TSM,175.360099356131,2025-05-09
UBER,82.81,2025-05-09
AMD,108.12,2025-05-12
AVGO,220.673979665167,2025-05-12
MA,576.716966767406,2025-05-12
TSM,185.751367423574,2025-05-12
UBER,88.1,2025-05-12
AMD,112.46,2025-05-13
AVGO,231.469655897546,2025-05-13
MA,575.041478666399,2025-05-13
TSM,192.715305201086,2025-05-13
UBER,91.72,2025-05-13
AMD,117.72,2025-05-14
AVGO,231.170882570081,2025-05-14
MA,571.740368181677,2025-05-14
TSM,193.480245584636,2025-05-14
UBER,90.41,2025-05-14
AMD,114.99,2025-05-15
AVGO,231.688756337686,2025-05-15
MA,580.636412146547,2025-05-15
TSM,192.943793887082,2025-05-15
UBER,90.16,2025-05-15
AMD,117.17,2025-05-16
AVGO,227.675234638748,2025-05-16
MA,581.713511640052,2025-05-16
TSM,192.943793887082,2025-05-16
UBER,91.79,2025-05-16
AMD,114.74,2025-05-19
AVGO,229.686975043675,2025-05-19
MA,584.835105542523,2025-05-19
TSM,192.228524957009,2025-05-19
UBER,92.46,2025-05-19
AMD,113.51,2025-05-20
AVGO,230.7326816898,2025-05-20
MA,579.549339509584,2025-05-20
TSM,192.178853503532,2025-05-20
UBER,91.87,2025-05-20
AMD,112.06,2025-05-21
AVGO,228.790655061282,2025-05-21
MA,568.010412528245,2025-05-21
TSM,190.499958376,2025-05-21
UBER,88.67,2025-05-21
AMD,110.71,2025-05-22
AVGO,229.58738393452,2025-05-22
MA,568.608801135748,2025-05-22
TSM,194.900849154086,2025-05-22
UBER,88.0,2025-05-22
AMD,110.31,2025-05-23
AVGO,227.784784858819,2025-05-23
MA,562.066419027054,2025-05-23
TSM,190.7185127713,2025-05-23
UBER,87.75,2025-05-23
AMD,114.56,2025-05-27
AVGO,234.686448723245,2025-05-27
MA,573.006957400891,2025-05-27
TSM,196.381058467708,2025-05-27
UBER,89.0,2025-05-27
AMD,112.86,2025-05-28
AVGO,238.450992649296,2025-05-28
MA,574.373278054688,2025-05-28
TSM,194.851177700609,2025-05-28
UBER,88.26,2025-05-28
AMD,113.03,2025-05-29
AVGO,240.980606821827,2025-05-29
MA,576.228282737946,2025-05-29
TSM,195.854541060849,2025-05-29
UBER,84.3,2025-05-29
AMD,110.73,2025-05-30
AVGO,241.080197930982,2025-05-30
MA,584.027280922394,2025-05-30
TSM,192.049707724491,2025-05-30
UBER,84.16,2025-05-30
AMD,114.63,2025-06-02
AVGO,247.69304757886,2025-06-02
MA,579.659044087627,2025-06-02
TSM,193.5597199102,2025-06-02
UBER,83.64,2025-06-02
AMD,117.31,2025-06-03
AVGO,255.799763864059,2025-06-03
MA,580.407029847005,2025-06-03
TSM,196.31151843284,2025-06-03
UBER,82.53,2025-06-03
AMD,118.58,2025-06-04
AVGO,260.012467781306,2025-06-04
MA,582.561228834013,2025-06-04
TSM,201.070043675962,2025-06-04
UBER,83.45,2025-06-04
AMD,115.69,2025-06-05
AVGO,258.867170026026,2025-06-05
MA,583.867710627061,2025-06-05
TSM,202.003867001335,2025-06-05
UBER,84.67,2025-06-05
AMD,116.19,2025-06-06
AVGO,245.920325835905,2025-06-06
MA,588.53514176558,2025-06-06
TSM,203.831776489298,2025-06-06
UBER,85.6,2025-06-06
AMD,121.73,2025-06-09
AVGO,243.281161443303,2025-06-09
MA,582.760691703181,2025-06-09
TSM,205.63981739587,2025-06-09
UBER,87.12,2025-06-09
AMD,123.24,2025-06-10
AVGO,243.629730325345,2025-06-10
MA,587.956699444994,2025-06-10
TSM,211.063940115588,2025-06-10
UBER,86.39,2025-06-10
AMD,121.14,2025-06-11
AVGO,251.875874163361,2025-06-11
MA,589.153476659999,2025-06-11
TSM,212.693163789642,2025-06-11
UBER,86.58,2025-06-11
AMD,118.5,2025-06-12
AVGO,255.022953212652,2025-06-12
MA,587.697397715076,2025-06-12
TSM,214.761466224141,2025-06-12
UBER,85.62,2025-06-12
AMD,116.16,2025-06-13
AVGO,247.683088467944,2025-06-13
MA,560.520581791006,2025-06-13
TSM,210.44490330927,2025-06-13
UBER,83.93,2025-06-13
AMD,126.39,2025-06-16
AVGO,251.069186179207,2025-06-16
MA,567.142749047367,2025-06-16
TSM,215.010690410912,2025-06-16
UBER,85.12,2025-06-16
AMD,127.1,2025-06-17
AVGO,248.350348899281,2025-06-17
MA,567.92065423712,2025-06-17
TSM,213.236214201103,2025-06-17
UBER,84.76,2025-06-17
AMD,126.79,2025-06-18
AVGO,250.232620862307,2025-06-18
MA,537.283157532994,2025-06-18
TSM,212.83745550227,2025-06-18
UBER,83.44,2025-06-18
AMD,128.24,2025-06-20
AVGO,249.555401320054,2025-06-20
MA,531.538626900971,2025-06-20
TSM,208.859837481408,2025-06-20
UBER,83.78,2025-06-20
AMD,129.58,2025-06-23
AVGO,253.328829925158,2025-06-23
MA,540.893435464926,2025-06-23
TSM,209.667323846545,2025-06-23
UBER,85.24,2025-06-23
AMD,138.43,2025-06-24
AVGO,263.311445282574,2025-06-24
MA,556.032667234738,2025-06-24
TSM,219.407005065549,2025-06-24
UBER,91.65,2025-06-24
AMD,143.4,2025-06-25
AVGO,264.189915434027,2025-06-25
MA,548.223695906831,2025-06-25
TSM,222.048781445319,2025-06-25
UBER,90.9,2025-06-25
AMD,143.68,2025-06-26
AVGO,269.700319111321,2025-06-26
MA,544.344143101523,2025-06-26
TSM,223.314840314115,2025-06-26
UBER,93.12,2025-06-26
AMD,143.81,2025-06-27
AVGO,268.881744652013,2025-06-27
MA,548.84203080125,2025-06-27
TSM,227.860689480814,2025-06-27
UBER,91.53,2025-06-27
AMD,141.9,2025-06-30
AVGO,275.170792327185,2025-06-30
MA,560.430823499881,2025-06-30
TSM,225.787144246881,2025-06-30
UBER,93.3,2025-06-30
AMD,136.11,2025-07-01
AVGO,264.279758972244,2025-07-01
MA,563.093652803267,2025-07-01
TSM,223.982761134661,2025-07-01
UBER,92.13,2025-07-01
AMD,138.52,2025-07-02
AVGO,269.43078849667,2025-07-02
MA,560.011951474629,2025-07-02
TSM,232.875080118643,2025-07-02
UBER,92.05,2025-07-02
AMD,137.91,2025-07-03
AVGO,274.701609405386,2025-07-03
MA,567.711218224494,2025-07-03
TSM,234.071356215143,2025-07-03
UBER,93.63,2025-07-03
AMD,134.8,2025-07-07
AVGO,273.703347869645,2025-07-07
MA,563.602283119644,2025-07-07
TSM,228.458827529064,2025-07-07
UBER,96.68,2025-07-07
AMD,137.82,2025-07-08
AVGO,271.32748541458,2025-07-08
MA,560.9294806728,2025-07-08
TSM,227.152892790385,2025-07-08
UBER,97.48,2025-07-08
AMD,138.41,2025-07-09
AVGO,277.416880782604,2025-07-09
MA,564.350268879022,2025-07-09
TSM,231.120541843777,2025-07-09
UBER,96.64,2025-07-09
AMD,144.16,2025-07-10
AVGO,274.921226943249,2025-07-10
MA,562.762406467248,2025-07-10
TSM,229.046996609844,2025-07-10
UBER,96.4,2025-07-10
AMD,146.42,2025-07-11
AVGO,273.903000176793,2025-07-11
MA,549.440340698024,2025-07-11
TSM,229.685010527977,2025-07-11
UBER,95.39,2025-07-11
AMD,146.24,2025-07-14
AVGO,275.120879250398,2025-07-14
MA,552.27652261591,2025-07-14
TSM,227.960379155523,2025-07-14
UBER,93.89,2025-07-14
AMD,155.61,2025-07-15
AVGO,280.451595851258,2025-07-15
MA,549.620098706904,2025-07-15
TSM,236.214684221372,2025-07-15
UBER,92.21,2025-07-15
AMD,160.08,2025-07-16
AVGO,280.321821851612,2025-07-16
MA,554.773161628133,2025-07-16
TSM,236.822791237093,2025-07-16
UBER,90.75,2025-07-16
AMD,160.41,2025-07-17
AVGO,285.952016913195,2025-07-17
MA,554.863040632573,2025-07-17
TSM,244.837841083642,2025-07-17
UBER,90.5,2025-07-17
AMD,156.99,2025-07-18
AVGO,282.847423537038,2025-07-18
MA,551.91700659815,2025-07-18
TSM,239.653977998809,2025-07-18
UBER,90.59,2025-07-18
AMD,157.0,2025-07-21
AVGO,287.7089572161,2025-07-21
MA,553.90433125188,2025-07-21
TSM,238.10878804083,2025-07-21
UBER,91.16,2025-07-21
AMD,154.72,2025-07-22
AVGO,278.105681242265,2025-07-22
MA,558.008805787975,2025-07-22
TSM,233.871976865726,2025-07-22
UBER,91.79,2025-07-22
AMD,158.65,2025-07-23
AVGO,283.196815074548,2025-07-23
MA,561.334328952256,2025-07-23
TSM,239.584195226513,2025-07-23
UBER,89.94,2025-07-23
AMD,162.12,2025-07-24
AVGO,288.208087983971,2025-07-24
MA,562.74243335515,2025-07-24
TSM,240.850254095309,2025-07-24
UBER,90.87,2025-07-24
AMD,166.47,2025-07-25
AVGO,289.675532441511,2025-07-25
MA,567.456087810228,2025-07-25
TSM,244.837841083642,2025-07-25
UBER,91.29,2025-07-25
AMD,173.66,2025-07-28
AVGO,293.788369968767,2025-07-28
MA,567.516007146521,2025-07-28
TSM,241.996685354455,2025-07-28
UBER,90.6,2025-07-28
AMD,177.44,2025-07-29
AVGO,296.902945960281,2025-07-29
MA,562.56267534627,2025-07-29
TSM,240.581091973597,2025-07-29
UBER,87.11,2025-07-29
AMD,179.51,2025-07-30
AVGO,302.093905946137,2025-07-30
MA,558.358335249686,2025-07-30
TSM,242.156188833988,2025-07-30
UBER,87.64,2025-07-30
AMD,176.31,2025-07-31
AVGO,293.189413047322,2025-07-31
MA,565.708440501672,2025-07-31
TSM,240.870192030251,2025-07-31
UBER,87.75,2025-07-31
AMD,171.7,2025-08-01
AVGO,288.138209676469,2025-08-01
MA,559.1372866215,2025-08-01
TSM,234.480083881447,2025-08-01
UBER,86.91,2025-08-01
AMD,176.78,2025-08-04
AVGO,297.202424421003,2025-08-04
MA,569.043950222002,2025-08-04
TSM,238.258322552893,2025-08-04
UBER,88.43,2025-08-04
AMD,174.31,2025-08-05
AVGO,292.420751664801,2025-08-05
MA,565.279018591569,2025-08-05
TSM,231.748586794439,2025-08-05
UBER,89.39,2025-08-05
AMD,163.12,2025-08-06
AVGO,301.145557487183,2025-08-06
MA,568.364864410677,2025-08-06
TSM,230.652000372648,2025-08-06
UBER,89.22,2025-08-06
AMD,172.4,2025-08-07
AVGO,303.231924096883,2025-08-07
MA,560.465498576003,2025-08-07
TSM,241.867088777334,2025-08-07
UBER,92.67,2025-08-07
AMD,172.76,2025-08-08
AVGO,304.43982055513,2025-08-08
MA,573.547887000053,2025-08-08
TSM,241.079540347138,2025-08-08
UBER,89.56,2025-08-08
AMD,172.28,2025-08-11
AVGO,303.371680711886,2025-08-11
MA,572.818868408484,2025-08-11
TSM,241.33873350138,2025-08-11
UBER,90.58,2025-08-11
AMD,174.95,2025-08-12
AVGO,312.286156226059,2025-08-12
MA,573.408075215369,2025-08-12
TSM,243.531906344963,2025-08-12
UBER,91.73,2025-08-12
AMD,184.42,2025-08-13
AVGO,308.552658082386,2025-08-13
MA,577.123074065557,2025-08-13
TSM,240.690750615776,2025-08-13
UBER,90.83,2025-08-13
AMD,180.95,2025-08-14
AVGO,310.688937768873,2025-08-14
MA,582.975195910209,2025-08-14
TSM,240.252116047059,2025-08-14
UBER,91.4,2025-08-14
AMD,177.51,2025-08-15
AVGO,305.807438859096,2025-08-15
MA,580.917965364137,2025-08-15
TSM,238.138694943243,2025-08-15
UBER,92.6,2025-08-15
AMD,176.14,2025-08-18
AVGO,305.228447168366,2025-08-18
MA,583.354685040066,2025-08-18
TSM,240.660843713363,2025-08-18
UBER,93.98,2025-08-18
AMD,166.55,2025-08-19
AVGO,294.397309505569,2025-08-19
MA,584.722843218765,2025-08-19
TSM,231.977873046268,2025-08-19
UBER,95.32,2025-08-19
AMD,165.2,2025-08-20
AVGO,290.663811361895,2025-08-20
MA,591.883203905821,2025-08-20
TSM,227.890596383227,2025-08-20
UBER,93.73,2025-08-20
AMD,163.71,2025-08-21
AVGO,289.096540750781,2025-08-21
MA,591.124225646106,2025-08-21
TSM,226.624537514431,2025-08-21
UBER,94.23,2025-08-21
AMD,167.76,2025-08-22
AVGO,293.488891508044,2025-08-22
MA,598.154761104527,2025-08-22
TSM,232.266973102922,2025-08-22
UBER,96.79,2025-08-22
AMD,163.36,2025-08-25
AVGO,293.718491661265,2025-08-25
MA,592.412491376413,2025-08-25
TSM,234.858904645339,2025-08-25
UBER,95.16,2025-08-25
AMD,166.62,2025-08-26
AVGO,297.491920266368,2025-08-26
MA,590.81464240859,2025-08-26
TSM,237.979191463709,2025-08-26
UBER,96.53,2025-08-26
AMD,167.13,2025-08-27
AVGO,299.728026106429,2025-08-27
MA,589.865919583945,2025-08-27
TSM,238.547422609547,2025-08-27
UBER,95.33,2025-08-27
AMD,168.58,2025-08-28
AVGO,308.113423006659,2025-08-28
MA,589.686161575065,2025-08-28
TSM,237.530587927522,2025-08-28
UBER,95.96,2025-08-28
AMD,162.63,2025-08-29
AVGO,296.872998114208,2025-08-29
MA,594.489695034583,2025-08-29
TSM,230.153551999106,2025-08-29
UBER,93.75,2025-08-29
AMD,162.32,2025-09-02
AVGO,297.721520419589,2025-09-02
MA,591.074292865861,2025-09-02
TSM,227.681248066339,2025-09-02
UBER,92.81,2025-09-02
AMD,162.13,2025-09-03
AVGO,301.864305792917,2025-09-03
MA,592.482397268755,2025-09-03
TSM,230.671938307589,2025-09-03
UBER,92.94,2025-09-03
AMD,161.79,2025-09-04
AVGO,305.567856090518,2025-09-04
MA,594.839224496294,2025-09-04
TSM,234.480083881447,2025-09-04
UBER,91.98,2025-09-04
AMD,151.14,2025-09-05
AVGO,334.30780570452,2025-09-05
MA,583.434577488458,2025-09-05
TSM,242.65463720753,2025-09-05
UBER,90.99,2025-09-05
AMD,151.41,2025-09-08
AVGO,345.0490998291,2025-09-08
MA,585.811377828094,2025-09-08
TSM,246.422906911504,2025-09-08
UBER,94.36,2025-09-08
AMD,155.82,2025-09-09
AVGO,336.08471123814,2025-09-09
MA,583.214873255382,2025-09-09
TSM,250.141331778125,2025-09-09
UBER,95.45,2025-09-09
AMD,159.54,2025-09-10
AVGO,368.92751576404,2025-09-10
MA,578.601084360793,2025-09-10
TSM,259.631788810357,2025-09-10
UBER,94.21,2025-09-10
AMD,155.67,2025-09-11
AVGO,359.004796098768,2025-09-11
MA,587.938514266509,2025-09-11
TSM,258.10653678732,2025-09-11
UBER,94.68,2025-09-11
AMD,158.57,2025-09-12
AVGO,359.244378867346,2025-09-12
MA,579.629699633829,2025-09-12
TSM,258.525233421095,2025-09-12
UBER,95.89,2025-09-12
AMD,161.16,2025-09-15
AVGO,363.457042548176,2025-09-15
MA,582.176271426297,2025-09-15
TSM,260.568871752615,2025-09-15
UBER,98.85,2025-09-15
AMD,160.46,2025-09-16
AVGO,359.374152866993,2025-09-16
MA,585.631619819214,2025-09-16
TSM,262.06,2025-09-16
UBER,97.83,2025-09-16
AMD,159.16,2025-09-17
AVGO,345.568195827686,2025-09-17
MA,597.825204754913,2025-09-17
TSM,262.79,2025-09-17
UBER,92.95,2025-09-17
AMD,157.92,2025-09-18
AVGO,344.749621368378,2025-09-18
MA,585.262117245405,2025-09-18
TSM,268.64,2025-09-18
UBER,94.7,2025-09-18
AMD,157.39,2025-09-19
AVGO,344.340334138724,2025-09-19
MA,583.374658152164,2025-09-19
TSM,264.87,2025-09-19
UBER,98.51,2025-09-19
AMD,159.79,2025-09-22
AVGO,338.79,2025-09-22
MA,583.704214501778,2025-09-22
TSM,272.63,2025-09-22
UBER,99.39,2025-09-22
AMD,160.9,2025-09-23
AVGO,338.94,2025-09-23
MA,569.203735118784,2025-09-23
TSM,282.71,2025-09-23
UBER,97.8,2025-09-23
AMD,160.88,2025-09-24
AVGO,339.31,2025-09-24
MA,568.045294617113,2025-09-24
TSM,280.71,2025-09-24
UBER,97.78,2025-09-24
AMD,161.27,2025-09-25
AVGO,336.1,2025-09-25
MA,566.53732465373,2025-09-25
TSM,276.66,2025-09-25
UBER,97.6,2025-09-25
AMD,159.46,2025-09-26
AVGO,334.53,2025-09-26
MA,564.37024199112,2025-09-26
TSM,273.36,2025-09-26
UBER,98.45,2025-09-26
AMD,161.36,2025-09-29
AVGO,327.9,2025-09-29
MA,567.376195361837,2025-09-29
TSM,273.23,2025-09-29
UBER,99.57,2025-09-29
AMD,161.79,2025-09-30
AVGO,329.91,2025-09-30
MA,568.045294617113,2025-09-30
TSM,279.29,2025-09-30
UBER,97.97,2025-09-30
AMD,164.01,2025-10-01
AVGO,333.39,2025-10-01
MA,572.998626417364,2025-10-01
TSM,288.47,2025-10-01
UBER,96.61,2025-10-01
AMD,169.73,2025-10-02
AVGO,338.18,2025-10-02
MA,576.55384037077,2025-10-02
TSM,288.11,2025-10-02
UBER,96.61,2025-10-02
AMD,164.67,2025-10-03
AVGO,338.37,2025-10-03
MA,579.669645858025,2025-10-03
TSM,292.19,2025-10-03
UBER,96.6,2025-10-03
AMD,203.71,2025-10-06
AVGO,335.49,2025-10-06
MA,578.031850666006,2025-10-06
TSM,302.4,2025-10-06
UBER,100.1,2025-10-06
AMD,211.51,2025-10-07
AVGO,336.41,2025-10-07
MA,579.060465939042,2025-10-07
TSM,294.03,2025-10-07
UBER,97.8,2025-10-07
AMD,235.56,2025-10-08
AVGO,345.5,2025-10-08
MA,575.665036882419,2025-10-08
TSM,304.52,2025-10-08
UBER,99.28,2025-10-08
AMD,232.89,2025-10-09
AVGO,345.02,2025-10-09
MA,564.55,2025-10-09
TSM,299.88,2025-10-09
UBER,96.0,2025-10-09
AMD,214.9,2025-10-10
AVGO,324.63,2025-10-10
MA,557.48,2025-10-10
TSM,280.66,2025-10-10
UBER,93.4,2025-10-10
AMD,216.42,2025-10-13
AVGO,356.7,2025-10-13
MA,559.24,2025-10-13
TSM,302.89,2025-10-13
UBER,94.08,2025-10-13
AMD,218.09,2025-10-14
AVGO,344.13,2025-10-14
MA,567.92,2025-10-14
TSM,295.94,2025-10-14
UBER,94.25,2025-10-14
AMD,238.6,2025-10-15
AVGO,351.33,2025-10-15
MA,562.81,2025-10-15
TSM,304.71,2025-10-15
UBER,94.52,2025-10-15
AMD,234.56,2025-10-16
AVGO,354.15,2025-10-16
MA,549.88,2025-10-16
TSM,299.84,2025-10-16
UBER,92.52,2025-10-16
AMD,233.08,2025-10-17
AVGO,349.33,2025-10-17
MA,560.97,2025-10-17
TSM,295.08,2025-10-17
UBER,92.3,2025-10-17
AMD,240.56,2025-10-20
AVGO,349.24,2025-10-20
MA,566.36,2025-10-20
TSM,297.7,2025-10-20
UBER,93.7,2025-10-20
AMD,238.03,2025-10-21
AVGO,342.66,2025-10-21
MA,572.03,2025-10-21
TSM,294.51,2025-10-21
UBER,93.03,2025-10-21
AMD,230.23,2025-10-22
AVGO,340.3,2025-10-22
MA,571.36,2025-10-22
TSM,288.88,2025-10-22
UBER,92.21,2025-10-22
AMD,234.99,2025-10-23
AVGO,344.29,2025-10-23
MA,573.77,2025-10-23
TSM,290.73,2025-10-23
UBER,94.61,2025-10-23
AMD,252.92,2025-10-24
AVGO,354.13,2025-10-24
MA,573.67,2025-10-24
TSM,294.96,2025-10-24
UBER,94.07,2025-10-24
AMD,259.67,2025-10-27
AVGO,362.05,2025-10-27
MA,572.36,2025-10-27
TSM,298.25,2025-10-27
UBER,96.42,2025-10-27
AMD,258.01,2025-10-28
AVGO,372.97,2025-10-28
MA,565.93,2025-10-28
TSM,301.53,2025-10-28
UBER,95.43,2025-10-28
AMD,264.33,2025-10-29
AVGO,385.98,2025-10-29
MA,554.58,2025-10-29
TSM,305.09,2025-10-29
UBER,95.76,2025-10-29
AMD,254.84,2025-10-30
AVGO,376.47,2025-10-30
MA,553.68,2025-10-30
TSM,303.22,2025-10-30
UBER,96.49,2025-10-30
AMD,256.12,2025-10-31
AVGO,369.63,2025-10-31
MA,551.99,2025-10-31
TSM,300.43,2025-10-31
UBER,96.5,2025-10-31
AMD,259.65,2025-11-03
AVGO,362.55,2025-11-03
MA,544.07,2025-11-03
TSM,304.86,2025-11-03
UBER,99.72,2025-11-03
AMD,250.05,2025-11-04
AVGO,351.94,2025-11-04
MA,552.75,2025-11-04
TSM,294.05,2025-11-04
UBER,94.67,2025-11-04
AMD,256.33,2025-11-05
AVGO,358.98,2025-11-05
MA,553.31,2025-11-05
TSM,293.64,2025-11-05
UBER,92.75,2025-11-05
AMD,237.7,2025-11-06
AVGO,355.59,2025-11-06
MA,553.28,2025-11-06
TSM,289.24,2025-11-06
UBER,92.12,2025-11-06
AMD,233.54,2025-11-07
AVGO,349.43,2025-11-07
MA,551.97,2025-11-07
TSM,286.5,2025-11-07
UBER,91.99,2025-11-07
AMD,243.98,2025-11-10
AVGO,358.39,2025-11-10
MA,552.96,2025-11-10
TSM,295.27,2025-11-10
UBER,94.1,2025-11-10
AMD,237.52,2025-11-11
AVGO,351.96,2025-11-11
MA,558.35,2025-11-11
TSM,291.17,2025-11-11
UBER,93.6,2025-11-11
AMD,258.89,2025-11-12
AVGO,355.22,2025-11-12
MA,561.23,2025-11-12
TSM,290.62,2025-11-12
UBER,93.57,2025-11-12
AMD,247.96,2025-11-13
AVGO,339.98,2025-11-13
MA,555.57,2025-11-13
TSM,282.2,2025-11-13
UBER,91.78,2025-11-13
AMD,246.81,2025-11-14
AVGO,342.46,2025-11-14
MA,545.73,2025-11-14
TSM,284.82,2025-11-14
UBER,91.62,2025-11-14
AMD,240.52,2025-11-17
AVGO,342.65,2025-11-17
MA,536.85,2025-11-17
TSM,282.01,2025-11-17
UBER,92.11,2025-11-17
AMD,230.29,2025-11-18
AVGO,340.5,2025-11-18
MA,527.58,2025-11-18
TSM,277.91,2025-11-18
UBER,90.86,2025-11-18
AMD,223.55,2025-11-19
AVGO,354.42,2025-11-19
MA,530.36,2025-11-19
TSM,282.37,2025-11-19
UBER,89.53,2025-11-19
AMD,206.02,2025-11-20
AVGO,346.82,2025-11-20
MA,527.88,2025-11-20
TSM,277.5,2025-11-20
UBER,83.36,2025-11-20
AMD,203.78,2025-11-21
AVGO,340.2,2025-11-21
MA,540.4,2025-11-21
TSM,275.06,2025-11-21
UBER,83.87,2025-11-21
AMD,215.05,2025-11-24
AVGO,377.96,2025-11-24
MA,537.85,2025-11-24
TSM,284.64,2025-11-24
UBER,83.69,2025-11-24
AMD,206.13,2025-11-25
AVGO,385.03,2025-11-25
MA,546.47,2025-11-25
TSM,284.68,2025-11-25
UBER,83.69,2025-11-25
AMD,214.24,2025-11-26
AVGO,397.57,2025-11-26
MA,544.93,2025-11-26
TSM,289.96,2025-11-26
UBER,85.66,2025-11-26
IVV,36.279,2023-01-03
NDQ,23.3416,2023-01-03
STW,55.7437,2023-01-03
IVV,36.221,2023-01-04
NDQ,23.3322,2023-01-04
STW,56.5887,2023-01-04
IVV,36.395,2023-01-05
NDQ,23.3039,2023-01-05
STW,56.7311,2023-01-05
IVV,36.453,2023-01-06
NDQ,23.2381,2023-01-06
STW,57.078,2023-01-06
IVV,36.366,2023-01-09
NDQ,23.3039,2023-01-09
STW,57.3893,2023-01-09
IVV,36.2017,2023-01-10
NDQ,23.3133,2023-01-10
STW,57.2203,2023-01-10
IVV,36.5496,2023-01-11
NDQ,23.5861,2023-01-11
STW,57.7629,2023-01-11
IVV,37.0038,2023-01-12
NDQ,24.0187,2023-01-12
STW,58.4389,2023-01-12
IVV,36.8202,2023-01-13
NDQ,23.9058,2023-01-13
STW,58.8391,2023-01-13
IVV,36.9265,2023-01-16
NDQ,24.0563,2023-01-16
STW,59.3195,2023-01-16
IVV,36.8395,2023-01-17
NDQ,23.9716,2023-01-17
STW,59.3017,2023-01-17
IVV,36.8299,2023-01-18
NDQ,24.0939,2023-01-18
STW,59.3106,2023-01-18
IVV,36.6463,2023-01-19
NDQ,24.0657,2023-01-19
STW,59.6841,2023-01-19
IVV,36.4046,2023-01-20
NDQ,23.8682,2023-01-20
STW,59.8176,2023-01-20
IVV,36.6463,2023-01-23
NDQ,24.1974,2023-01-23
STW,59.8442,2023-01-23
IVV,36.8589,2023-01-24
NDQ,24.5735,2023-01-24
STW,60.1556,2023-01-24
IVV,36.3273,2023-01-25
NDQ,24.1127,2023-01-25
STW,59.9599,2023-01-25
IVV,36.7139,2023-01-27
NDQ,24.5265,2023-01-27
STW,60.0844,2023-01-27
IVV,36.8975,2023-01-30
NDQ,24.8745,2023-01-30
STW,60.0577,2023-01-30
IVV,36.8009,2023-01-31
NDQ,24.5829,2023-01-31
STW,60.0044,2023-01-31
IVV,37.1005,2023-02-01
NDQ,24.8274,2023-02-01
STW,60.2089,2023-02-01
IVV,37.3131,2023-02-02
NDQ,25.4387,2023-02-02
STW,60.2979,2023-02-02
IVV,37.9702,2023-02-03
NDQ,25.9842,2023-02-03
STW,60.707,2023-02-03
IVV,38.2891,2023-02-06
NDQ,26.2569,2023-02-06
STW,60.5025,2023-02-06
IVV,38.3181,2023-02-07
NDQ,26.2193,2023-02-07
STW,60.1556,2023-02-07
IVV,38.5694,2023-02-08
NDQ,26.6331,2023-02-08
STW,60.4402,2023-02-08
IVV,38.2891,2023-02-09
NDQ,26.2569,2023-02-09
STW,60.1289,2023-02-09
IVV,37.9702,2023-02-10
NDQ,25.9748,2023-02-10
STW,59.6575,2023-02-10
IVV,38.0475,2023-02-13
NDQ,25.8149,2023-02-13
STW,59.524,2023-02-13
IVV,38.2505,2023-02-14
NDQ,26.0782,2023-02-14
STW,59.6486,2023-02-14
IVV,38.3375,2023-02-15
NDQ,26.2851,2023-02-15
STW,59.0615,2023-02-15
IVV,38.7434,2023-02-16
NDQ,26.7929,2023-02-16
STW,59.5062,2023-02-16
IVV,38.4148,2023-02-17
NDQ,26.3133,2023-02-17
STW,59.017,2023-02-17
IVV,38.2118,2023-02-20
NDQ,26.1158,2023-02-20
STW,59.0437,2023-02-20
IVV,38.0089,2023-02-21
NDQ,25.9936,2023-02-21
STW,58.9726,2023-02-21
IVV,37.8349,2023-02-22
NDQ,25.7773,2023-02-22
STW,58.8302,2023-02-22
IVV,37.9219,2023-02-23
NDQ,25.9654,2023-02-23
STW,58.6968,2023-02-23
IVV,37.9896,2023-02-24
NDQ,25.9654,2023-02-24
STW,58.8302,2023-02-24
IVV,38.2505,2023-02-27
NDQ,26.05,2023-02-27
STW,58.2432,2023-02-27
IVV,38.2505,2023-02-28
NDQ,26.144,2023-02-28
STW,58.5278,2023-02-28
IVV,37.9896,2023-03-01
NDQ,25.9748,2023-03-01
STW,58.5545,2023-03-01
IVV,37.719,2023-03-02
NDQ,25.6644,2023-03-02
STW,58.5456,2023-03-02
IVV,38.0765,2023-03-03
NDQ,25.9372,2023-03-03
STW,58.7858,2023-03-03
IVV,38.753,2023-03-06
NDQ,26.5672,2023-03-06
STW,59.2127,2023-03-06
IVV,39.0526,2023-03-07
NDQ,26.8024,2023-03-07
STW,59.5151,2023-03-07
IVV,39.0623,2023-03-08
NDQ,26.84,2023-03-08
STW,59.1593,2023-03-08
IVV,38.9753,2023-03-09
NDQ,26.8494,2023-03-09
STW,59.4885,2023-03-09
IVV,38.1152,2023-03-10
NDQ,26.3039,2023-03-10
STW,58.1275,2023-03-10
IVV,38.0572,2023-03-13
NDQ,26.2851,2023-03-13
STW,57.7895,2023-03-13
IVV,37.6417,2023-03-14
NDQ,26.2193,2023-03-14
STW,56.9445,2023-03-14
IVV,37.9026,2023-03-15
NDQ,26.5672,2023-03-15
STW,57.4338,2023-03-15
IVV,38.0959,2023-03-16
NDQ,27.0092,2023-03-16
STW,56.6777,2023-03-16
IVV,38.1828,2023-03-17
NDQ,27.329,2023-03-17
STW,56.9001,2023-03-17
IVV,37.8639,2023-03-20
NDQ,27.2726,2023-03-20
STW,56.1618,2023-03-20
IVV,38.2022,2023-03-21
NDQ,27.3572,2023-03-21
STW,56.6065,2023-03-21
IVV,38.695,2023-03-22
NDQ,27.7052,2023-03-22
STW,57.1224,2023-03-22
IVV,37.9606,2023-03-23
NDQ,27.3008,2023-03-23
STW,56.7311,2023-03-23
IVV,38.2022,2023-03-24
NDQ,27.724,2023-03-24
STW,56.6332,2023-03-24
IVV,38.782,2023-03-27
NDQ,28.0625,2023-03-27
STW,56.6955,2023-03-27
IVV,38.4631,2023-03-28
NDQ,27.5735,2023-03-28
STW,57.2203,2023-03-28
IVV,38.5114,2023-03-29
NDQ,27.5359,2023-03-29
STW,57.3893,2023-03-29
IVV,38.9366,2023-03-30
NDQ,27.9685,2023-03-30
STW,57.9516,2023-03-30
IVV,39.1009,2023-03-31
NDQ,28.2036,2023-03-31
STW,58.3921,2023-03-31
IVV,39.741,2023-04-03
NDQ,28.6174,2023-04-03
STW,58.7967,2023-04-03
IVV,39.4016,2023-04-04
NDQ,28.26,2023-04-04
STW,58.8956,2023-04-04
IVV,39.3822,2023-04-05
NDQ,28.3353,2023-04-05
STW,58.8866,2023-04-05
IVV,39.4403,2023-04-06
NDQ,28.1096,2023-04-06
STW,58.7157,2023-04-06
IVV,39.8283,2023-04-11
NDQ,28.4763,2023-04-11
STW,59.4889,2023-04-11
IVV,39.8864,2023-04-12
NDQ,28.3164,2023-04-12
STW,59.7496,2023-04-12
IVV,39.5567,2023-04-13
NDQ,27.9779,2023-04-13
STW,59.5429,2023-04-13
IVV,39.5276,2023-04-14
NDQ,28.1001,2023-04-14
STW,59.8935,2023-04-14
IVV,39.9446,2023-04-17
NDQ,28.4105,2023-04-17
STW,60.0733,2023-04-17
IVV,39.9155,2023-04-18
NDQ,28.3259,2023-04-18
STW,59.8935,2023-04-18
IVV,39.9058,2023-04-19
NDQ,28.26,2023-04-19
STW,59.9115,2023-04-19
IVV,39.867,2023-04-20
NDQ,28.2224,2023-04-20
STW,59.9025,2023-04-20
IVV,39.8283,2023-04-21
NDQ,28.2036,2023-04-21
STW,59.6417,2023-04-21
IVV,39.867,2023-04-24
NDQ,28.213,2023-04-24
STW,59.5698,2023-04-24
IVV,40.0901,2023-04-26
NDQ,28.4481,2023-04-26
STW,59.5249,2023-04-26
IVV,39.741,2023-04-27
NDQ,28.3541,2023-04-27
STW,59.3361,2023-04-27
IVV,40.3713,2023-04-28
NDQ,28.9089,2023-04-28
STW,59.4979,2023-04-28
IVV,40.6623,2023-05-01
NDQ,29.0876,2023-05-01
STW,59.7137,2023-05-01
IVV,40.1386,2023-05-02
NDQ,28.6832,2023-05-02
STW,59.1383,2023-05-02
IVV,40.0707,2023-05-03
NDQ,28.655,2023-05-03
STW,58.5449,2023-05-03
IVV,39.6634,2023-05-04
NDQ,28.4763,2023-05-04
STW,58.5359,2023-05-04
IVV,39.1494,2023-05-05
NDQ,28.166,2023-05-05
STW,58.6888,2023-05-05
IVV,39.4597,2023-05-08
NDQ,28.4575,2023-05-08
STW,59.1922,2023-05-08
IVV,39.5082,2023-05-09
NDQ,28.5233,2023-05-09
STW,59.1113,2023-05-09
IVV,39.4597,2023-05-10
NDQ,28.4387,2023-05-10
STW,59.1113,2023-05-10
IVV,39.6537,2023-05-11
NDQ,28.749,2023-05-11
STW,59.1113,2023-05-11
IVV,40.0319,2023-05-12
NDQ,29.2099,2023-05-12
STW,59.1832,2023-05-12
IVV,40.0416,2023-05-15
NDQ,29.1158,2023-05-15
STW,59.3541,2023-05-15
IVV,40.0319,2023-05-16
NDQ,29.2287,2023-05-16
STW,59.1113,2023-05-16
IVV,40.1386,2023-05-17
NDQ,29.5108,2023-05-17
STW,58.8056,2023-05-17
IVV,40.5071,2023-05-18
NDQ,29.7835,2023-05-18
STW,59.1383,2023-05-18
IVV,41.0017,2023-05-19
NDQ,30.4136,2023-05-19
STW,59.4979,2023-05-19
IVV,40.9241,2023-05-22
NDQ,30.3384,2023-05-22
STW,59.363,2023-05-22
IVV,40.8756,2023-05-23
NDQ,30.3666,2023-05-23
STW,59.3451,2023-05-23
IVV,40.7495,2023-05-24
NDQ,30.1973,2023-05-24
STW,58.9315,2023-05-24
IVV,41.0405,2023-05-25
NDQ,30.7616,2023-05-25
STW,58.3471,2023-05-25
IVV,41.2247,2023-05-26
NDQ,31.1283,2023-05-26
STW,58.464,2023-05-26
IVV,41.7387,2023-05-29
NDQ,31.9559,2023-05-29
STW,58.9855,2023-05-29
IVV,41.9811,2023-05-30
NDQ,32.1064,2023-05-30
STW,58.9405,2023-05-30
IVV,41.8357,2023-05-31
NDQ,32.1158,2023-05-31
STW,57.9606,2023-05-31
IVV,41.6902,2023-06-01
NDQ,31.9183,2023-06-01
STW,58.1224,2023-06-01
IVV,41.4575,2023-06-02
NDQ,31.8619,2023-06-02
STW,58.3921,2023-06-02
IVV,42.0199,2023-06-05
NDQ,31.9841,2023-06-05
STW,58.9855,2023-06-05
IVV,41.5544,2023-06-06
NDQ,31.8055,2023-06-06
STW,58.2752,2023-06-06
IVV,41.5544,2023-06-07
NDQ,31.7208,2023-06-07
STW,58.2033,2023-06-07
IVV,41.4575,2023-06-08
NDQ,31.1566,2023-06-08
STW,58.0325,2023-06-08
IVV,41.4575,2023-06-09
NDQ,31.4575,2023-06-09
STW,58.2123,2023-06-09
IVV,41.6902,2023-06-13
NDQ,31.9935,2023-06-13
STW,58.3651,2023-06-13
IVV,41.8357,2023-06-14
NDQ,32.0594,2023-06-14
STW,58.5449,2023-06-14
IVV,41.5447,2023-06-15
NDQ,32.0124,2023-06-15
STW,58.6708,2023-06-15
IVV,41.6126,2023-06-16
NDQ,32.0688,2023-06-16
STW,59.2911,2023-06-16
IVV,41.6417,2023-06-19
NDQ,32.0312,2023-06-19
STW,59.6328,2023-06-19
IVV,41.9229,2023-06-20
NDQ,32.2475,2023-06-20
STW,60.1542,2023-06-20
IVV,41.9617,2023-06-21
NDQ,32.3415,2023-06-21
STW,59.8036,2023-06-21
IVV,41.7678,2023-06-22
NDQ,31.9183,2023-06-22
STW,58.8236,2023-06-22
IVV,42.2139,2023-06-23
NDQ,32.5578,2023-06-23
STW,58.0505,2023-06-23
IVV,42.2915,2023-06-26
NDQ,32.5578,2023-06-26
STW,57.8796,2023-06-26
IVV,41.952,2023-06-27
NDQ,31.9653,2023-06-27
STW,58.2033,2023-06-27
IVV,42.6697,2023-06-28
NDQ,32.6707,2023-06-28
STW,58.8416,2023-06-28
IVV,42.9509,2023-06-29
NDQ,32.9998,2023-06-29
STW,58.9111,2023-06-29
IVV,43.1061,2023-06-30
NDQ,32.9622,2023-06-30
STW,58.9475,2023-06-30
IVV,43.3106,2023-07-03
NDQ,33.2341,2023-07-03
STW,59.329,2023-07-03
IVV,43.3885,2023-07-04
NDQ,33.2437,2023-07-04
STW,59.5743,2023-07-04
IVV,43.1742,2023-07-05
NDQ,33.0898,2023-07-05
STW,59.3835,2023-07-05
IVV,43.1742,2023-07-06
NDQ,33.1379,2023-07-06
STW,58.6659,2023-07-06
IVV,43.0963,2023-07-07
NDQ,33.1283,2023-07-07
STW,57.6757,2023-07-07
IVV,42.7262,2023-07-10
NDQ,32.7339,2023-07-10
STW,57.3759,2023-07-10
IVV,42.8821,2023-07-11
NDQ,32.8686,2023-07-11
STW,58.1935,2023-07-11
IVV,42.96,2023-07-12
NDQ,32.8974,2023-07-12
STW,58.466,2023-07-12
IVV,42.697,2023-07-13
NDQ,32.8686,2023-07-13
STW,59.329,2023-07-13
IVV,42.473,2023-07-14
NDQ,32.984,2023-07-14
STW,59.8014,2023-07-14
IVV,42.9015,2023-07-17
NDQ,33.2822,2023-07-17
STW,59.7741,2023-07-17
IVV,43.0184,2023-07-18
NDQ,33.5227,2023-07-18
STW,59.647,2023-07-18
IVV,43.5443,2023-07-19
NDQ,34.0133,2023-07-19
STW,59.974,2023-07-19
IVV,43.4275,2023-07-20
NDQ,33.7247,2023-07-20
STW,59.9922,2023-07-20
IVV,43.4859,2023-07-21
NDQ,33.2918,2023-07-21
STW,59.9104,2023-07-21
IVV,43.6904,2023-07-24
NDQ,33.3495,2023-07-24
STW,59.8287,2023-07-24
IVV,43.6709,2023-07-25
NDQ,33.263,2023-07-25
STW,60.083,2023-07-25
IVV,43.856,2023-07-26
NDQ,33.4746,2023-07-26
STW,60.6099,2023-07-26
IVV,43.7878,2023-07-27
NDQ,33.5131,2023-07-27
STW,61.0641,2023-07-27
IVV,44.3527,2023-07-28
NDQ,33.9652,2023-07-28
STW,60.6372,2023-07-28
IVV,44.4501,2023-07-31
NDQ,34.273,2023-07-31
STW,60.6735,2023-07-31
IVV,44.713,2023-08-01
NDQ,34.4461,2023-08-01
STW,61.0005,2023-08-01
IVV,44.9955,2023-08-02
NDQ,34.5808,2023-08-02
STW,60.2193,2023-08-02
IVV,44.8689,2023-08-03
NDQ,34.2826,2023-08-03
STW,59.865,2023-08-03
IVV,44.7033,2023-08-04
NDQ,34.3018,2023-08-04
STW,59.9922,2023-08-04
IVV,44.3916,2023-08-07
NDQ,34.0229,2023-08-07
STW,59.8377,2023-08-07
IVV,44.791,2023-08-08
NDQ,34.196,2023-08-08
STW,59.8287,2023-08-08
IVV,44.6351,2023-08-09
NDQ,34.0421,2023-08-09
STW,60.1103,2023-08-09
IVV,44.5377,2023-08-10
NDQ,33.7824,2023-08-10
STW,60.2829,2023-08-10
IVV,44.528,2023-08-11
NDQ,33.8497,2023-08-11
STW,60.1284,2023-08-11
IVV,44.7325,2023-08-14
NDQ,33.7728,2023-08-14
STW,59.647,2023-08-14
IVV,44.8786,2023-08-15
NDQ,34.1095,2023-08-15
STW,59.8468,2023-08-15
IVV,44.6838,2023-08-16
NDQ,33.9844,2023-08-16
STW,59.0837,2023-08-16
IVV,44.7812,2023-08-17
NDQ,33.8786,2023-08-17
STW,58.675,2023-08-17
IVV,44.3527,2023-08-18
NDQ,33.4457,2023-08-18
STW,58.684,2023-08-18
IVV,44.3332,2023-08-21
NDQ,33.4265,2023-08-21
STW,58.4569,2023-08-21
IVV,44.489,2023-08-22
NDQ,33.8786,2023-08-22
STW,58.5114,2023-08-22
IVV,44.4501,2023-08-23
NDQ,33.9075,2023-08-23
STW,58.7022,2023-08-23
IVV,44.8299,2023-08-24
NDQ,34.5135,2023-08-24
STW,59.0383,2023-08-24
IVV,44.3624,2023-08-25
NDQ,33.6766,2023-08-25
STW,58.4479,2023-08-25
IVV,44.5962,2023-08-28
NDQ,33.8978,2023-08-28
STW,58.8839,2023-08-28
IVV,44.791,2023-08-29
NDQ,34.1191,2023-08-29
STW,59.3018,2023-08-29
IVV,45.2,2023-08-30
NDQ,34.6289,2023-08-30
STW,60.0739,2023-08-30
IVV,45.3266,2023-08-31
NDQ,34.7636,2023-08-31
STW,60.2465,2023-08-31
IVV,45.3948,2023-09-01
NDQ,34.9559,2023-09-01
STW,60.0467,2023-09-01
IVV,45.3461,2023-09-04
NDQ,34.9175,2023-09-04
STW,60.401,2023-09-04
IVV,45.8233,2023-09-05
NDQ,35.2253,2023-09-05
STW,60.3646,2023-09-05
IVV,45.687,2023-09-06
NDQ,35.2734,2023-09-06
STW,59.9377,2023-09-06
IVV,45.3948,2023-09-07
NDQ,34.9656,2023-09-07
STW,59.438,2023-09-07
IVV,45.2974,2023-09-08
NDQ,34.8405,2023-09-08
STW,59.3381,2023-09-08
IVV,45.2,2023-09-11
NDQ,34.7732,2023-09-11
STW,59.6197,2023-09-11
IVV,45.3851,2023-09-12
NDQ,35.0329,2023-09-12
STW,59.7832,2023-09-12
IVV,45.2682,2023-09-13
NDQ,34.7732,2023-09-13
STW,59.3744,2023-09-13
IVV,45.2877,2023-09-14
NDQ,34.8982,2023-09-14
STW,59.647,2023-09-14
IVV,45.424,2023-09-15
NDQ,34.9463,2023-09-15
STW,60.401,2023-09-15
IVV,45.0052,2023-09-18
NDQ,34.4269,2023-09-18
STW,60.0103,2023-09-18
IVV,45.0344,2023-09-19
NDQ,34.4654,2023-09-19
STW,59.7469,2023-09-19
IVV,44.8202,2023-09-20
NDQ,34.3211,2023-09-20
STW,59.4562,2023-09-20
IVV,44.5767,2023-09-21
NDQ,33.9555,2023-09-21
STW,58.6568,2023-09-21
IVV,43.9631,2023-09-22
NDQ,33.4457,2023-09-22
STW,58.675,2023-09-22
IVV,43.9047,2023-09-25
NDQ,33.5131,2023-09-25
STW,58.7567,2023-09-25
IVV,43.817,2023-09-26
NDQ,33.4073,2023-09-26
STW,58.466,2023-09-26
IVV,43.7099,2023-09-27
NDQ,33.3592,2023-09-27
STW,58.3843,2023-09-27
IVV,43.7099,2023-09-28
NDQ,33.4073,2023-09-28
STW,58.3171,2023-09-28
IVV,43.3495,2023-09-29
NDQ,33.2726,2023-09-29
STW,58.4923,2023-09-29
IVV,43.7683,2023-10-02
NDQ,33.7439,2023-10-02
STW,58.4186,2023-10-02
IVV,44.0702,2023-10-03
NDQ,34.1479,2023-10-03
STW,57.6069,2023-10-03
IVV,43.425,2023-10-04
NDQ,33.5227,2023-10-04
STW,57.2196,2023-10-04
IVV,43.5521,2023-10-05
NDQ,33.8401,2023-10-05
STW,57.5424,2023-10-05
IVV,43.4837,2023-10-06
NDQ,33.7247,2023-10-06
STW,57.7361,2023-10-06
IVV,43.8161,2023-10-09
NDQ,34.1191,2023-10-09
STW,57.8928,2023-10-09
IVV,44.0507,2023-10-10
NDQ,34.273,2023-10-10
STW,58.4554,2023-10-10
IVV,44.1973,2023-10-11
NDQ,34.4269,2023-10-11
STW,58.8428,2023-10-11
IVV,44.5004,2023-10-12
NDQ,34.7155,2023-10-12
STW,58.8889,2023-10-12
IVV,44.8621,2023-10-13
NDQ,35.0714,2023-10-13
STW,58.5569,2023-10-13
IVV,44.6177,2023-10-16
NDQ,34.6674,2023-10-16
STW,58.3448,2023-10-16
IVV,44.7155,2023-10-17
NDQ,34.7443,2023-10-17
STW,58.5753,2023-10-17
IVV,44.5493,2023-10-18
NDQ,34.4942,2023-10-18
STW,58.7506,2023-10-18
IVV,44.5199,2023-10-19
NDQ,34.4557,2023-10-19
STW,57.9297,2023-10-19
IVV,44.0605,2023-10-20
NDQ,34.0517,2023-10-20
STW,57.3118,2023-10-20
IVV,43.6792,2023-10-23
NDQ,33.7247,2023-10-23
STW,56.8506,2023-10-23
IVV,43.337,2023-10-24
NDQ,33.6477,2023-10-24
STW,56.9429,2023-10-24
IVV,43.2393,2023-10-25
NDQ,33.5515,2023-10-25
STW,56.9244,2023-10-25
IVV,43.1122,2023-10-26
NDQ,33.0225,2023-10-26
STW,56.5924,2023-10-26
IVV,42.7212,2023-10-27
NDQ,32.7147,2023-10-27
STW,56.6662,2023-10-27
IVV,42.3497,2023-10-30
NDQ,32.6858,2023-10-30
STW,56.2696,2023-10-30
IVV,42.6136,2023-10-31
NDQ,32.7435,2023-10-31
STW,56.2973,2023-10-31
IVV,43.0438,2023-11-01
NDQ,33.1379,2023-11-01
STW,56.7584,2023-11-01
IVV,43.0633,2023-11-02
NDQ,33.4265,2023-11-02
STW,57.2657,2023-11-02
IVV,43.689,2023-11-03
NDQ,33.7343,2023-11-03
STW,57.939,2023-11-03
IVV,43.6108,2023-11-06
NDQ,33.8305,2023-11-06
STW,58.0865,2023-11-06
IVV,44.0996,2023-11-07
NDQ,34.2826,2023-11-07
STW,57.9482,2023-11-07
IVV,44.2462,2023-11-08
NDQ,34.6,2023-11-08
STW,58.0681,2023-11-08
IVV,44.5004,2023-11-09
NDQ,34.7732,2023-11-09
STW,58.3355,2023-11-09
IVV,44.5884,2023-11-10
NDQ,34.802,2023-11-10
STW,58.022,2023-11-10
IVV,44.999,2023-11-13
NDQ,35.3984,2023-11-13
STW,57.7914,2023-11-13
IVV,45.1456,2023-11-14
NDQ,35.5042,2023-11-14
STW,58.3263,2023-11-14
IVV,45.1652,2023-11-15
NDQ,35.5523,2023-11-15
STW,59.1748,2023-11-15
IVV,45.3411,2023-11-16
NDQ,35.6004,2023-11-16
STW,58.852,2023-11-16
IVV,45.5073,2023-11-17
NDQ,35.7062,2023-11-17
STW,58.7875,2023-11-17
IVV,44.911,2023-11-20
NDQ,35.1868,2023-11-20
STW,58.8428,2023-11-20
IVV,45.0674,2023-11-21
NDQ,35.5908,2023-11-21
STW,59.0365,2023-11-21
IVV,45.1749,2023-11-22
NDQ,35.4465,2023-11-22
STW,58.9996,2023-11-22
IVV,45.3411,2023-11-23
NDQ,35.6197,2023-11-23
STW,58.6399,2023-11-23
IVV,45.2825,2023-11-24
NDQ,35.6004,2023-11-24
STW,58.7229,2023-11-24
IVV,45.087,2023-11-27
NDQ,35.2926,2023-11-27
STW,58.2894,2023-11-27
IVV,44.823,2023-11-28
NDQ,35.1387,2023-11-28
STW,58.4923,2023-11-28
IVV,44.7155,2023-11-29
NDQ,35.1676,2023-11-29
STW,58.6491,2023-11-29
IVV,44.735,2023-11-30
NDQ,35.1772,2023-11-30
STW,59.0549,2023-11-30
IVV,45.0674,2023-12-01
NDQ,35.1483,2023-12-01
STW,59.0088,2023-12-01
IVV,44.9696,2023-12-04
NDQ,34.9559,2023-12-04
STW,59.4239,2023-12-04
IVV,45.214,2023-12-05
NDQ,35.0233,2023-12-05
STW,58.9258,2023-12-05
IVV,45.4096,2023-12-06
NDQ,35.3599,2023-12-06
STW,59.9219,2023-12-06
IVV,45.4584,2023-12-07
NDQ,35.2926,2023-12-07
STW,59.8389,2023-12-07
IVV,45.2336,2023-12-08
NDQ,35.283,2023-12-08
STW,60.0141,2023-12-08
IVV,45.7908,2023-12-11
NDQ,35.6966,2023-12-11
STW,60.051,2023-12-11
IVV,45.7908,2023-12-12
NDQ,35.9371,2023-12-12
STW,60.3369,2023-12-12
IVV,46.2796,2023-12-13
NDQ,36.4469,2023-12-13
STW,60.5583,2023-12-13
IVV,45.9961,2023-12-14
NDQ,36.2257,2023-12-14
STW,61.5452,2023-12-14
IVV,45.957,2023-12-15
NDQ,36.0044,2023-12-15
STW,62.0524,2023-12-15
IVV,46.0059,2023-12-18
NDQ,36.1776,2023-12-18
STW,61.951,2023-12-18
IVV,46.045,2023-12-19
NDQ,36.2834,2023-12-19
STW,62.4582,2023-12-19
IVV,45.9766,2023-12-20
NDQ,36.2641,2023-12-20
STW,62.864,2023-12-20
IVV,45.5953,2023-12-21
NDQ,35.9659,2023-12-21
STW,62.5874,2023-12-21
IVV,45.6637,2023-12-22
NDQ,35.9563,2023-12-22
STW,62.5597,2023-12-22
IVV,45.5953,2023-12-27
NDQ,36.0237,2023-12-27
STW,63.0762,2023-12-27
IVV,45.7028,2023-12-28
NDQ,36.1102,2023-12-28
STW,63.6043,2023-12-28
IVV,45.6833,2023-12-29
NDQ,36.0525,2023-12-29
STW,63.3719,2023-12-29
IVV,45.7029,2024-01-02
NDQ,35.975,2024-01-02
STW,63.6694,2024-01-02
IVV,45.752,2024-01-03
NDQ,35.6477,2024-01-03
STW,62.8047,2024-01-03
IVV,45.6441,2024-01-04
NDQ,35.4744,2024-01-04
STW,62.5909,2024-01-04
IVV,45.7716,2024-01-05
NDQ,35.4937,2024-01-05
STW,62.5444,2024-01-05
IVV,45.752,2024-01-08
NDQ,35.4937,2024-01-08
STW,62.2469,2024-01-08
IVV,46.2424,2024-01-09
NDQ,36.129,2024-01-09
STW,62.8047,2024-01-09
IVV,46.2915,2024-01-10
NDQ,36.283,2024-01-10
STW,62.3956,2024-01-10
IVV,46.5465,2024-01-11
NDQ,36.5815,2024-01-11
STW,62.6839,2024-01-11
IVV,46.5073,2024-01-12
NDQ,36.5526,2024-01-12
STW,62.5909,2024-01-12
IVV,46.6839,2024-01-15
NDQ,36.7355,2024-01-15
STW,62.6467,2024-01-15
IVV,47.0272,2024-01-16
NDQ,36.9377,2024-01-16
STW,61.9308,2024-01-16
IVV,47.2823,2024-01-17
NDQ,37.2842,2024-01-17
STW,61.7541,2024-01-17
IVV,47.2038,2024-01-18
NDQ,37.2265,2024-01-18
STW,61.3636,2024-01-18
IVV,47.4981,2024-01-19
NDQ,37.7944,2024-01-19
STW,61.9773,2024-01-19
IVV,48.0376,2024-01-22
NDQ,38.5453,2024-01-22
STW,62.4328,2024-01-22
IVV,48.018,2024-01-23
NDQ,38.3432,2024-01-23
STW,62.7675,2024-01-23
IVV,48.4888,2024-01-24
NDQ,38.8052,2024-01-24
STW,62.8233,2024-01-24
IVV,48.3809,2024-01-25
NDQ,38.8052,2024-01-25
STW,63.1116,2024-01-25
IVV,48.4496,2024-01-29
NDQ,38.5646,2024-01-29
STW,63.3068,2024-01-29
IVV,48.7046,2024-01-30
NDQ,38.8437,2024-01-30
STW,63.4742,2024-01-30
IVV,48.7929,2024-01-31
NDQ,38.4972,2024-01-31
STW,64.125,2024-01-31
IVV,48.4986,2024-02-01
NDQ,38.3624,2024-02-01
STW,63.3812,2024-02-01
IVV,48.8616,2024-02-02
NDQ,38.7571,2024-02-02
STW,64.3109,2024-02-02
IVV,49.6856,2024-02-05
NDQ,39.4695,2024-02-05
STW,63.6973,2024-02-05
IVV,49.5679,2024-02-06
NDQ,39.5176,2024-02-06
STW,63.3533,2024-02-06
IVV,49.5973,2024-02-07
NDQ,39.2577,2024-02-07
STW,63.6322,2024-02-07
IVV,50.0584,2024-02-08
NDQ,39.7487,2024-02-08
STW,63.8089,2024-02-08
IVV,50.3036,2024-02-09
NDQ,39.9797,2024-02-09
STW,63.8461,2024-02-09
IVV,50.3625,2024-02-12
NDQ,40.1722,2024-02-12
STW,63.595,2024-02-12
IVV,50.3036,2024-02-13
NDQ,39.9701,2024-02-13
STW,63.5392,2024-02-13
IVV,50.1172,2024-02-14
NDQ,39.7583,2024-02-14
STW,63.0465,2024-02-14
IVV,50.4213,2024-02-15
NDQ,40.0663,2024-02-15
STW,63.5392,2024-02-15
IVV,50.4606,2024-02-16
NDQ,40.0182,2024-02-16
STW,63.9576,2024-02-16
IVV,50.0682,2024-02-19
NDQ,39.4984,2024-02-19
STW,64.0413,2024-02-19
IVV,49.9701,2024-02-20
NDQ,39.3925,2024-02-20
STW,64.0413,2024-02-20
IVV,49.4796,2024-02-21
NDQ,38.8726,2024-02-21
STW,63.7159,2024-02-21
IVV,50.078,2024-02-22
NDQ,39.4984,2024-02-22
STW,63.7531,2024-02-22
IVV,50.6764,2024-02-23
NDQ,39.9893,2024-02-23
STW,64.0227,2024-02-23
IVV,50.696,2024-02-26
NDQ,39.8449,2024-02-26
STW,64.1622,2024-02-26
IVV,50.6371,2024-02-27
NDQ,39.9219,2024-02-27
STW,64.2366,2024-02-27
IVV,50.9805,2024-02-28
NDQ,40.2107,2024-02-28
STW,64.2923,2024-02-28
IVV,50.9412,2024-02-29
NDQ,40.0375,2024-02-29
STW,64.627,2024-02-29
IVV,51.2748,2024-03-01
NDQ,40.5573,2024-03-01
STW,65.064,2024-03-01
IVV,51.5298,2024-03-04
NDQ,41.0194,2024-03-04
STW,64.9804,2024-03-04
IVV,51.5592,2024-03-05
NDQ,40.798,2024-03-05
STW,64.9246,2024-03-05
IVV,51.0491,2024-03-06
NDQ,40.2107,2024-03-06
STW,65.0733,2024-03-06
IVV,50.6764,2024-03-07
NDQ,39.8064,2024-03-07
STW,65.594,2024-03-07
IVV,50.9412,2024-03-08
NDQ,40.23,2024-03-08
STW,66.282,2024-03-08
IVV,50.6175,2024-03-11
NDQ,39.6524,2024-03-11
STW,65.0454,2024-03-11
IVV,50.8137,2024-03-12
NDQ,39.8642,2024-03-12
STW,65.1384,2024-03-12
IVV,51.2061,2024-03-13
NDQ,40.2107,2024-03-13
STW,65.3244,2024-03-13
IVV,51.1963,2024-03-14
NDQ,40.0086,2024-03-14
STW,65.1663,2024-03-14
IVV,51.3336,2024-03-15
NDQ,39.9701,2024-03-15
STW,64.6828,2024-03-15
IVV,51.1865,2024-03-18
NDQ,39.7872,2024-03-18
STW,64.8781,2024-03-18
IVV,51.6279,2024-03-19
NDQ,40.0952,2024-03-19
STW,65.1105,2024-03-19
IVV,51.883,2024-03-20
NDQ,40.2396,2024-03-20
STW,65.0454,2024-03-20
IVV,51.8731,2024-03-21
NDQ,40.4899,2024-03-21
STW,65.7985,2024-03-21
IVV,52.5991,2024-03-22
NDQ,41.0098,2024-03-22
STW,65.6498,2024-03-22
IVV,52.4421,2024-03-25
NDQ,41.0001,2024-03-25
STW,66.0961,2024-03-25
IVV,52.3146,2024-03-26
NDQ,40.8654,2024-03-26
STW,65.7892,2024-03-26
IVV,52.4029,2024-03-27
NDQ,40.9039,2024-03-27
STW,66.0789,2024-03-27
IVV,52.6291,2024-03-28
NDQ,40.8942,2024-03-28
STW,66.7643,2024-03-28
IVV,52.8061,2024-04-02
NDQ,41.0868,2024-04-02
STW,66.661,2024-04-02
IVV,52.2357,2024-04-03
NDQ,40.5188,2024-04-03
STW,65.7596,2024-04-03
IVV,51.9701,2024-04-04
NDQ,40.4514,2024-04-04
STW,66.107,2024-04-04
IVV,51.3505,2024-04-05
NDQ,39.7968,2024-04-05
STW,65.7033,2024-04-05
IVV,51.7144,2024-04-08
NDQ,40.153,2024-04-08
STW,65.8535,2024-04-08
IVV,51.5865,2024-04-09
NDQ,40.0182,2024-04-09
STW,66.1634,2024-04-09
IVV,51.557,2024-04-10
NDQ,40.1048,2024-04-10
STW,66.3511,2024-04-10
IVV,51.8422,2024-04-11
NDQ,40.3359,2024-04-11
STW,66.0601,2024-04-11
IVV,52.1963,2024-04-12
NDQ,40.9809,2024-04-12
STW,65.8254,2024-04-12
IVV,51.9308,2024-04-15
NDQ,40.6921,2024-04-15
STW,65.5343,2024-04-15
IVV,51.5374,2024-04-16
NDQ,40.2107,2024-04-16
STW,64.3607,2024-04-16
IVV,51.498,2024-04-17
NDQ,40.1915,2024-04-17
STW,64.3044,2024-04-17
IVV,51.1833,2024-04-18
NDQ,39.816,2024-04-18
STW,64.6048,2024-04-18
IVV,50.9079,2024-04-19
NDQ,39.3155,2024-04-19
STW,63.9664,2024-04-19
IVV,50.7702,2024-04-22
NDQ,38.9111,2024-04-22
STW,64.6893,2024-04-22
IVV,50.839,2024-04-23
NDQ,38.8822,2024-04-23
STW,64.9616,2024-04-23
IVV,51.1833,2024-04-24
NDQ,39.4213,2024-04-24
STW,64.9991,2024-04-24
IVV,51.0456,2024-04-26
NDQ,39.3828,2024-04-26
STW,64.0603,2024-04-26
IVV,51.0062,2024-04-29
NDQ,39.5176,2024-04-29
STW,64.5954,2024-04-29
IVV,51.3603,2024-04-30
NDQ,39.8064,2024-04-30
STW,64.8208,2024-04-30
IVV,50.8882,2024-05-01
NDQ,39.1807,2024-05-01
STW,64.0227,2024-05-01
IVV,50.544,2024-05-02
NDQ,38.9111,2024-05-02
STW,64.1729,2024-05-02
IVV,50.5932,2024-05-03
NDQ,39.1614,2024-05-03
STW,64.5297,2024-05-03
IVV,50.8095,2024-05-06
NDQ,39.4695,2024-05-06
STW,64.9616,2024-05-06
IVV,51.5078,2024-05-07
NDQ,40.0471,2024-05-07
STW,65.9756,2024-05-07
IVV,51.6554,2024-05-08
NDQ,40.1241,2024-05-08
STW,66.0789,2024-05-08
IVV,51.6554,2024-05-09
NDQ,40.0663,2024-05-09
STW,65.4404,2024-05-09
IVV,51.7439,2024-05-10
NDQ,40.0086,2024-05-10
STW,65.6751,2024-05-10
IVV,51.9603,2024-05-13
NDQ,40.2492,2024-05-13
STW,65.816,2024-05-13
IVV,51.8718,2024-05-14
NDQ,40.2107,2024-05-14
STW,65.6,2024-05-14
IVV,51.8127,2024-05-15
NDQ,40.2396,2024-05-15
STW,65.8535,2024-05-15
IVV,52.1767,2024-05-16
NDQ,40.7017,2024-05-16
STW,67.0084,2024-05-16
IVV,52.0783,2024-05-17
NDQ,40.6536,2024-05-17
STW,66.3324,2024-05-17
IVV,51.9504,2024-05-20
NDQ,40.4707,2024-05-20
STW,66.783,2024-05-20
IVV,52.3045,2024-05-21
NDQ,40.9231,2024-05-21
STW,66.6704,2024-05-21
IVV,52.3439,2024-05-22
NDQ,40.9809,2024-05-22
STW,66.6422,2024-05-22
IVV,52.875,2024-05-23
NDQ,41.5874,2024-05-23
STW,66.3981,2024-05-23
IVV,52.393,2024-05-24
NDQ,41.2023,2024-05-24
STW,65.6376,2024-05-24
IVV,52.4422,2024-05-27
NDQ,41.3563,2024-05-27
STW,66.154,2024-05-27
IVV,52.2652,2024-05-28
NDQ,41.2697,2024-05-28
STW,65.9756,2024-05-28
IVV,52.157,2024-05-29
NDQ,41.2697,2024-05-29
STW,65.1024,2024-05-29
IVV,52.098,2024-05-30
NDQ,41.1927,2024-05-30
STW,64.7832,2024-05-30
IVV,51.6947,2024-05-31
NDQ,40.6824,2024-05-31
STW,65.4404,2024-05-31
IVV,52.3143,2024-06-03
NDQ,40.8557,2024-06-03
STW,65.9286,2024-06-03
IVV,52.0291,2024-06-04
NDQ,40.7498,2024-06-04
STW,65.7596,2024-06-04
IVV,52.2357,2024-06-05
NDQ,41.0098,2024-06-05
STW,65.9662,2024-06-05
IVV,52.7668,2024-06-06
NDQ,41.7606,2024-06-06
STW,66.445,2024-06-06
IVV,52.7274,2024-06-07
NDQ,41.7029,2024-06-07
STW,66.783,2024-06-07
IVV,53.2192,2024-06-11
NDQ,42.1746,2024-06-11
STW,65.8911,2024-06-11
IVV,53.3372,2024-06-12
NDQ,42.4538,2024-06-12
STW,65.5531,2024-06-12
IVV,53.652,2024-06-13
NDQ,43.0987,2024-06-13
STW,65.8723,2024-06-13
IVV,53.8683,2024-06-14
NDQ,43.3105,2024-06-14
STW,65.6188,2024-06-14
IVV,54.0159,2024-06-17
NDQ,43.5705,2024-06-17
STW,65.4404,2024-06-17
IVV,54.2716,2024-06-18
NDQ,43.8978,2024-06-18
STW,66.0695,2024-06-18
IVV,54.0552,2024-06-19
NDQ,43.6667,2024-06-19
STW,65.9568,2024-06-19
IVV,54.2322,2024-06-20
NDQ,43.917,2024-06-20
STW,66.0131,2024-06-20
IVV,53.9864,2024-06-21
NDQ,43.4068,2024-06-21
STW,66.2197,2024-06-21
IVV,54.0552,2024-06-24
NDQ,43.3972,2024-06-24
STW,65.7127,2024-06-24
IVV,53.7601,2024-06-25
NDQ,42.8292,2024-06-25
STW,66.5953,2024-06-25
IVV,53.7798,2024-06-26
NDQ,43.1276,2024-06-26
STW,66.0976,2024-06-26
IVV,53.8388,2024-06-27
NDQ,43.1373,2024-06-27
STW,65.9951,2024-06-27
IVV,54.5175,2024-06-28
NDQ,43.8111,2024-06-28
STW,66.0802,2024-06-28
IVV,53.9357,2024-07-01
NDQ,43.2578,2024-07-01
STW,65.9289,2024-07-01
IVV,54.0343,2024-07-02
NDQ,43.4642,2024-07-02
STW,65.6452,2024-07-02
IVV,54.1724,2024-07-03
NDQ,43.808,2024-07-03
STW,65.8249,2024-07-03
IVV,54.1033,2024-07-04
NDQ,43.8571,2024-07-04
STW,66.6287,2024-07-04
IVV,54.0343,2024-07-05
NDQ,43.7884,2024-07-05
STW,66.5246,2024-07-05
IVV,54.0935,2024-07-08
NDQ,44.0733,2024-07-08
STW,66.0518,2024-07-08
IVV,54.3696,2024-07-09
NDQ,44.3779,2024-07-09
STW,66.5625,2024-07-09
IVV,54.34,2024-07-10
NDQ,44.3189,2024-07-10
STW,66.4679,2024-07-10
IVV,54.7048,2024-07-11
NDQ,44.5842,2024-07-11
STW,67.1109,2024-07-11
IVV,54.2414,2024-07-12
NDQ,43.5624,2024-07-12
STW,67.6972,2024-07-12
IVV,54.5569,2024-07-15
NDQ,43.9849,2024-07-15
STW,68.2079,2024-07-15
IVV,54.971,2024-07-16
NDQ,44.2796,2024-07-16
STW,68.0566,2024-07-16
IVV,55.1091,2024-07-17
NDQ,43.9849,2024-07-17
STW,68.5672,2024-07-17
IVV,54.6358,2024-07-18
NDQ,43.0908,2024-07-18
STW,68.3592,2024-07-18
IVV,54.5076,2024-07-19
NDQ,43.1203,2024-07-19
STW,67.7918,2024-07-19
IVV,54.4189,2024-07-22
NDQ,42.9729,2024-07-22
STW,67.4703,2024-07-22
IVV,55.0105,2024-07-23
NDQ,43.4642,2024-07-23
STW,67.8296,2024-07-23
IVV,55.0499,2024-07-24
NDQ,43.3561,2024-07-24
STW,67.7067,2024-07-24
IVV,54.4583,2024-07-25
NDQ,42.4031,2024-07-25
STW,66.8745,2024-07-25
IVV,54.3893,2024-07-26
NDQ,42.1968,2024-07-26
STW,67.4041,2024-07-26
IVV,54.9612,2024-07-29
NDQ,42.6782,2024-07-29
STW,67.9431,2024-07-29
IVV,54.7738,2024-07-30
NDQ,42.4129,2024-07-30
STW,67.6405,2024-07-30
IVV,55.3753,2024-07-31
NDQ,42.7961,2024-07-31
STW,68.8509,2024-07-31
IVV,55.8486,2024-08-01
NDQ,43.5722,2024-08-01
STW,69.0589,2024-08-01
IVV,54.4583,2024-08-02
NDQ,41.7154,2024-08-02
STW,67.5081,2024-08-02
IVV,53.3934,2024-08-05
NDQ,39.7603,2024-08-05
STW,65.0778,2024-08-05
IVV,53.0187,2024-08-06
NDQ,40.7526,2024-08-06
STW,65.3615,2024-08-06
IVV,52.9497,2024-08-07
NDQ,40.6248,2024-08-07
STW,65.5696,2024-08-07
IVV,52.1214,2024-08-08
NDQ,39.7799,2024-08-08
STW,65.3426,2024-08-08
IVV,53.0088,2024-08-09
NDQ,40.7624,2024-08-09
STW,66.2031,2024-08-09
IVV,53.3441,2024-08-12
NDQ,41.0964,2024-08-12
STW,66.4679,2024-08-12
IVV,53.4033,2024-08-13
NDQ,41.2045,2024-08-13
STW,66.5908,2024-08-13
IVV,53.8963,2024-08-14
NDQ,41.902,2024-08-14
STW,66.8083,2024-08-14
IVV,54.2315,2024-08-15
NDQ,42.0985,2024-08-15
STW,66.9975,2024-08-15
IVV,55.1387,2024-08-16
NDQ,43.1007,2024-08-16
STW,67.8296,2024-08-16
IVV,54.6358,2024-08-19
NDQ,42.5701,2024-08-19
STW,67.962,2024-08-19
IVV,54.8823,2024-08-20
NDQ,43.0122,2024-08-20
STW,68.1322,2024-08-20
IVV,54.6555,2024-08-21
NDQ,42.7666,2024-08-21
STW,68.293,2024-08-21
IVV,54.8231,2024-08-22
NDQ,42.9336,2024-08-22
STW,68.5483,2024-08-22
IVV,54.7541,2024-08-23
NDQ,42.5898,2024-08-23
STW,68.4632,2024-08-23
IVV,54.6752,2024-08-26
NDQ,42.5308,2024-08-26
STW,68.9738,2024-08-26
IVV,54.4484,2024-08-27
NDQ,42.0298,2024-08-27
STW,68.8887,2024-08-27
IVV,54.5076,2024-08-28
NDQ,42.0789,2024-08-28
STW,68.832,2024-08-28
IVV,53.9456,2024-08-29
NDQ,41.3126,2024-08-29
STW,68.7469,2024-08-29
IVV,54.2118,2024-08-30
NDQ,41.6859,2024-08-30
STW,69.1251,2024-08-30
IVV,54.7738,2024-09-02
NDQ,42.1182,2024-09-02
STW,69.2953,2024-09-02
IVV,55.0795,2024-09-03
NDQ,42.2656,2024-09-03
STW,69.3237,2024-09-03
IVV,54.0146,2024-09-04
NDQ,41.0178,2024-09-04
STW,68.066,2024-09-04
IVV,54.0146,2024-09-05
NDQ,41.0375,2024-09-05
STW,68.4253,2024-09-05
IVV,53.7385,2024-09-06
NDQ,40.8508,2024-09-06
STW,68.6334,2024-09-06
IVV,53.6202,2024-09-09
NDQ,40.5659,2024-09-09
STW,68.4821,2024-09-09
IVV,53.9061,2024-09-10
NDQ,40.7231,2024-09-10
STW,68.7469,2024-09-10
IVV,54.1231,2024-09-11
NDQ,41.0964,2024-09-11
STW,68.501,2024-09-11
IVV,54.764,2024-09-12
NDQ,42.1477,2024-09-12
STW,69.4561,2024-09-12
IVV,54.8429,2024-09-13
NDQ,42.2066,2024-09-13
STW,69.6641,2024-09-13
IVV,55.0401,2024-09-16
NDQ,42.3245,2024-09-16
STW,69.8438,2024-09-16
IVV,54.9316,2024-09-17
NDQ,42.0101,2024-09-17
STW,70.0424,2024-09-17
IVV,54.9415,2024-09-18
NDQ,41.9905,2024-09-18
STW,70.0329,2024-09-18
IVV,54.971,2024-09-19
NDQ,42.1673,2024-09-19
STW,70.4584,2024-09-19
IVV,55.1189,2024-09-20
NDQ,42.4228,2024-09-20
STW,70.6097,2024-09-20
IVV,55.1387,2024-09-23
NDQ,42.521,2024-09-23
STW,70.1747,2024-09-23
IVV,55.1189,2024-09-24
NDQ,42.4621,2024-09-24
STW,70.0802,2024-09-24
IVV,54.7344,2024-09-25
NDQ,42.2656,2024-09-25
STW,69.9289,2024-09-25
IVV,55.257,2024-09-26
NDQ,43.0417,2024-09-26
STW,70.6097,2024-09-26
IVV,55.0401,2024-09-27
NDQ,42.6978,2024-09-27
STW,70.7062,2024-09-27
IVV,54.4682,2024-09-30
NDQ,42.0592,2024-09-30
STW,71.8254,2024-09-30
IVV,54.6851,2024-10-01
NDQ,42.2361,2024-10-01
STW,71.3145,2024-10-01
IVV,54.478,2024-10-02
NDQ,41.794,2024-10-02
STW,71.2181,2024-10-02
IVV,54.666,2024-10-03
NDQ,42.0003,2024-10-03
STW,71.2663,2024-10-03
IVV,54.8243,2024-10-04
NDQ,42.2754,2024-10-04
STW,70.7843,2024-10-04
IVV,55.6058,2024-10-07
NDQ,42.9631,2024-10-07
STW,71.2952,2024-10-07
IVV,55.7344,2024-10-08
NDQ,42.914,2024-10-08
STW,71.0928,2024-10-08
IVV,56.041,2024-10-09
NDQ,43.3757,2024-10-09
STW,71.1602,2024-10-09
IVV,56.6445,2024-10-10
NDQ,43.9554,2024-10-10
STW,71.3916,2024-10-10
IVV,56.5159,2024-10-11
NDQ,43.8473,2024-10-11
STW,71.4109,2024-10-11
IVV,56.8324,2024-10-14
NDQ,43.8768,2024-10-14
STW,71.6808,2024-10-14
IVV,57.5942,2024-10-15
NDQ,44.5056,2024-10-15
STW,72.3459,2024-10-15
IVV,57.337,2024-10-16
NDQ,44.1224,2024-10-16
STW,72.0471,2024-10-16
IVV,57.4161,2024-10-17
NDQ,43.9161,2024-10-17
STW,72.6351,2024-10-17
IVV,57.426,2024-10-18
NDQ,44.034,2024-10-18
STW,72.0278,2024-10-18
IVV,57.6238,2024-10-21
NDQ,44.2207,2024-10-21
STW,72.5676,2024-10-21
IVV,57.5546,2024-10-22
NDQ,44.2894,2024-10-22
STW,71.3048,2024-10-22
IVV,57.703,2024-10-23
NDQ,44.5252,2024-10-23
STW,71.4398,2024-10-23
IVV,57.5942,2024-10-24
NDQ,44.3189,2024-10-24
STW,71.382,2024-10-24
IVV,57.7722,2024-10-25
NDQ,44.594,2024-10-25
STW,71.3916,2024-10-25
IVV,58.3757,2024-10-28
NDQ,45.3996,2024-10-28
STW,71.4784,2024-10-28
IVV,58.4152,2024-10-29
NDQ,45.2424,2024-10-29
STW,71.7097,2024-10-29
IVV,58.8307,2024-10-30
NDQ,45.9301,2024-10-30
STW,71.1313,2024-10-30
IVV,58.0987,2024-10-31
NDQ,45.0754,2024-10-31
STW,70.9096,2024-10-31
IVV,57.3172,2024-11-01
NDQ,44.3484,2024-11-01
STW,70.5626,2024-11-01
IVV,57.2875,2024-11-04
NDQ,44.427,2024-11-04
STW,71.0349,2024-11-04
IVV,57.1193,2024-11-05
NDQ,44.2501,2024-11-05
STW,70.7168,2024-11-05
IVV,58.8802,2024-11-06
NDQ,45.6059,2024-11-06
STW,71.3338,2024-11-06
IVV,59.0879,2024-11-07
NDQ,45.9007,2024-11-07
STW,71.6519,2024-11-07
IVV,59.1968,2024-11-08
NDQ,46.3428,2024-11-08
STW,72.2399,2024-11-08
IVV,60.0673,2024-11-11
NDQ,46.9126,2024-11-11
STW,71.9603,2024-11-11
IVV,60.3245,2024-11-12
NDQ,47.0403,2024-11-12
STW,71.9507,2024-11-12
IVV,60.2849,2024-11-13
NDQ,47.001,2024-11-13
STW,71.4976,2024-11-13
IVV,60.9972,2024-11-14
NDQ,47.5021,2024-11-14
STW,71.835,2024-11-14
IVV,60.5223,2024-11-15
NDQ,47.06,2024-11-15
STW,72.2977,2024-11-15
IVV,60.0772,2024-11-18
NDQ,46.4607,2024-11-18
STW,72.5676,2024-11-18
IVV,59.8694,2024-11-19
NDQ,46.2347,2024-11-19
STW,73.0882,2024-11-19
IVV,59.8793,2024-11-20
NDQ,46.3428,2024-11-20
STW,72.6351,2024-11-20
IVV,59.7606,2024-11-21
NDQ,46.1954,2024-11-21
STW,72.5966,2024-11-21
IVV,60.3542,2024-11-22
NDQ,46.6179,2024-11-22
STW,73.281,2024-11-22
IVV,60.5916,2024-11-25
NDQ,46.7652,2024-11-25
STW,73.4931,2024-11-25
IVV,60.8389,2024-11-26
NDQ,46.8831,2024-11-26
STW,72.9918,2024-11-26
IVV,61.3335,2024-11-27
NDQ,47.1582,2024-11-27
STW,73.3581,2024-11-27
IVV,61.0368,2024-11-28
NDQ,46.8144,2024-11-28
STW,73.7437,2024-11-28
IVV,60.918,2024-11-29
NDQ,46.7751,2024-11-29
STW,73.6087,2024-11-29
IVV,61.2148,2024-12-02
NDQ,46.9912,2024-12-02
STW,73.7244,2024-12-02
IVV,61.6897,2024-12-03
NDQ,47.8067,2024-12-03
STW,74.1678,2024-12-03
IVV,62.0953,2024-12-04
NDQ,48.3274,2024-12-04
STW,73.8497,2024-12-04
IVV,62.392,2024-12-05
NDQ,48.7498,2024-12-05
STW,74.0232,2024-12-05
IVV,62.3624,2024-12-06
NDQ,48.7105,2024-12-06
STW,73.522,2024-12-06
IVV,62.9064,2024-12-09
NDQ,49.4474,2024-12-09
STW,73.522,2024-12-09
IVV,62.5305,2024-12-10
NDQ,49.0446,2024-12-10
STW,73.2617,2024-12-10
IVV,62.5602,2024-12-11
NDQ,49.0642,2024-12-11
STW,72.9532,2024-12-11
IVV,62.5503,2024-12-12
NDQ,49.4768,2024-12-12
STW,72.7219,2024-12-12
IVV,62.8372,2024-12-13
NDQ,49.7716,2024-12-13
STW,72.4134,2024-12-13
IVV,62.6492,2024-12-16
NDQ,49.8993,2024-12-16
STW,71.9989,2024-12-16
IVV,63.0449,2024-12-17
NDQ,50.8326,2024-12-17
STW,72.5966,2024-12-17
IVV,63.2923,2024-12-18
NDQ,50.9702,2024-12-18
STW,72.5773,2024-12-18
IVV,62.3426,2024-12-19
NDQ,49.7618,2024-12-19
STW,71.3916,2024-12-19
IVV,62.0161,2024-12-20
NDQ,49.241,2024-12-20
STW,70.4662,2024-12-20
IVV,62.8867,2024-12-23
NDQ,50.0565,2024-12-23
STW,71.594,2024-12-23
IVV,63.2923,2024-12-24
NDQ,50.4593,2024-12-24
STW,71.7965,2024-12-24
IVV,64.0545,2024-12-27
NDQ,51.1274,2024-12-27
STW,72.1339,2024-12-27
IVV,63.112,2024-12-30
NDQ,50.253,2024-12-30
STW,71.9883,2024-12-30
IVV,62.7449,2024-12-31
NDQ,49.86,2024-12-31
STW,71.3454,2024-12-31
IVV,62.7548,2025-01-02
NDQ,49.7208,2025-01-02
STW,71.7058,2025-01-02
IVV,62.4373,2025-01-03
NDQ,49.4259,2025-01-03
STW,72.1344,2025-01-03
IVV,63.0326,2025-01-06
NDQ,50.1042,2025-01-06
STW,72.1441,2025-01-06
IVV,62.9731,2025-01-07
NDQ,50.2615,2025-01-07
STW,72.3974,2025-01-07
IVV,62.7846,2025-01-08
NDQ,49.7503,2025-01-08
STW,72.9623,2025-01-08
IVV,62.8738,2025-01-09
NDQ,49.8486,2025-01-09
STW,72.7675,2025-01-09
IVV,62.9135,2025-01-10
NDQ,49.8584,2025-01-10
STW,72.485,2025-01-10
IVV,62.4571,2025-01-13
NDQ,49.3964,2025-01-13
STW,71.5987,2025-01-13
IVV,62.4671,2025-01-14
NDQ,49.3079,2025-01-14
STW,71.9104,2025-01-14
IVV,62.3282,2025-01-15
NDQ,49.0425,2025-01-15
STW,71.8422,2025-01-15
IVV,63.3799,2025-01-16
NDQ,49.996,2025-01-16
STW,72.7675,2025-01-16
IVV,63.3501,2025-01-17
NDQ,49.7994,2025-01-17
STW,72.6409,2025-01-17
IVV,63.747,2025-01-20
NDQ,50.3892,2025-01-20
STW,72.972,2025-01-20
IVV,63.4989,2025-01-21
NDQ,50.2025,2025-01-21
STW,73.459,2025-01-21
IVV,63.9752,2025-01-22
NDQ,50.6448,2025-01-22
STW,73.722,2025-01-22
IVV,64.0248,2025-01-23
NDQ,50.7923,2025-01-23
STW,73.235,2025-01-23
IVV,63.9355,2025-01-24
NDQ,50.576,2025-01-24
STW,73.5369,2025-01-24
IVV,63.5386,2025-01-28
NDQ,49.475,2025-01-28
STW,73.4103,2025-01-28
IVV,64.253,2025-01-29
NDQ,50.2713,2025-01-29
STW,73.8389,2025-01-29
IVV,64.3423,2025-01-30
NDQ,50.5564,2025-01-30
STW,74.2772,2025-01-30
IVV,64.5605,2025-01-31
NDQ,50.7235,2025-01-31
STW,74.6668,2025-01-31
IVV,63.8958,2025-02-03
NDQ,49.9174,2025-02-03
STW,73.2447,2025-02-03
IVV,63.9553,2025-02-04
NDQ,50.2123,2025-02-04
STW,73.2058,2025-02-04
IVV,63.5584,2025-02-05
NDQ,50.1533,2025-02-05
STW,73.5954,2025-02-05
IVV,64.0645,2025-02-06
NDQ,50.6252,2025-02-06
STW,74.4525,2025-02-06
IVV,63.9156,2025-02-07
NDQ,50.5957,2025-02-07
STW,74.4135,2025-02-07
IVV,63.6775,2025-02-10
NDQ,50.3303,2025-02-10
STW,74.1213,2025-02-10
IVV,63.7668,2025-02-11
NDQ,50.5465,2025-02-11
STW,74.1798,2025-02-11
IVV,63.7172,2025-02-12
NDQ,50.3598,2025-02-12
STW,74.5791,2025-02-12
IVV,63.6775,2025-02-13
NDQ,50.635,2025-02-13
STW,74.7155,2025-02-13
IVV,64.0446,2025-02-14
NDQ,50.9987,2025-02-14
STW,74.8226,2025-02-14
IVV,63.5584,2025-02-17
NDQ,50.8906,2025-02-17
STW,74.657,2025-02-17
IVV,63.7569,2025-02-18
NDQ,51.0282,2025-02-18
STW,74.2285,2025-02-18
IVV,63.7271,2025-02-19
NDQ,50.9201,2025-02-19
STW,73.761,2025-02-19
IVV,63.6477,2025-02-20
NDQ,50.7431,2025-02-20
STW,72.8746,2025-02-20
IVV,63.2013,2025-02-21
NDQ,50.3696,2025-02-21
STW,72.7675,2025-02-21
IVV,62.6456,2025-02-24
NDQ,49.711,2025-02-24
STW,72.8259,2025-02-24
IVV,62.4075,2025-02-25
NDQ,49.1408,2025-02-25
STW,72.4168,2025-02-25
IVV,62.4571,2025-02-26
NDQ,48.9344,2025-02-26
STW,72.4168,2025-02-26
IVV,62.7151,2025-02-27
NDQ,49.0917,2025-02-27
STW,72.6116,2025-02-27
IVV,62.477,2025-02-28
NDQ,48.3937,2025-02-28
STW,71.9785,2025-02-28
IVV,63.3997,2025-03-03
NDQ,49.131,2025-03-03
STW,72.4363,2025-03-03
IVV,62.5663,2025-03-04
NDQ,48.3446,2025-03-04
STW,72.0175,2025-03-04
IVV,61.5443,2025-03-05
NDQ,47.9121,2025-03-05
STW,71.5013,2025-03-05
IVV,60.9093,2025-03-06
NDQ,47.4402,2025-03-06
STW,71.4331,2025-03-06
IVV,60.3934,2025-03-07
NDQ,46.6833,2025-03-07
STW,70.1669,2025-03-07
IVV,60.2347,2025-03-10
NDQ,46.5063,2025-03-10
STW,70.3033,2025-03-10
IVV,59.3417,2025-03-11
NDQ,45.2972,2025-03-11
STW,69.6896,2025-03-11
IVV,58.7563,2025-03-12
NDQ,45.1203,2025-03-12
STW,68.8228,2025-03-12
IVV,58.4686,2025-03-13
NDQ,45.081,2025-03-13
STW,68.5306,2025-03-13
IVV,58.5182,2025-03-14
NDQ,45.081,2025-03-14
STW,68.852,2025-03-14
IVV,58.6571,2025-03-17
NDQ,45.2284,2025-03-17
STW,69.378,2025-03-17
IVV,58.7067,2025-03-18
NDQ,45.1989,2025-03-18
STW,69.5143,2025-03-18
IVV,58.4984,2025-03-19
NDQ,44.8647,2025-03-19
STW,69.1539,2025-03-19
IVV,59.5005,2025-03-20
NDQ,45.8182,2025-03-20
STW,70.0208,2025-03-20
IVV,59.5402,2025-03-21
NDQ,45.6904,2025-03-21
STW,70.1279,2025-03-21
IVV,60.1454,2025-03-24
NDQ,46.3884,2025-03-24
STW,70.1864,2025-03-24
IVV,60.572,2025-03-25
NDQ,46.8209,2025-03-25
STW,70.1864,2025-03-25
IVV,60.6018,2025-03-26
NDQ,47.0175,2025-03-26
STW,70.7123,2025-03-26
IVV,59.937,2025-03-27
NDQ,46.1721,2025-03-27
STW,70.5078,2025-03-27
IVV,59.9868,2025-03-28
NDQ,46.0345,2025-03-28
STW,70.4469,2025-03-28
IVV,58.415,2025-03-31
NDQ,44.3437,2025-03-31
STW,69.3187,2025-03-31
IVV,59.1213,2025-04-01
NDQ,44.7861,2025-04-01
STW,70.0545,2025-04-01
IVV,59.1312,2025-04-02
NDQ,45.0613,2025-04-02
STW,70.133,2025-04-02
IVV,58.2459,2025-04-03
NDQ,44.2061,2025-04-03
STW,69.4855,2025-04-03
IVV,56.7437,2025-04-04
NDQ,42.9773,2025-04-04
STW,67.7687,2025-04-04
IVV,53.8787,2025-04-07
NDQ,40.2544,2025-04-07
STW,64.963,2025-04-07
IVV,56.0274,2025-04-08
NDQ,42.5055,2025-04-08
STW,66.4149,2025-04-08
IVV,54.2666,2025-04-09
NDQ,41.1489,2025-04-09
STW,65.169,2025-04-09
IVV,58.0867,2025-04-10
NDQ,44.7959,2025-04-10
STW,68.1808,2025-04-10
IVV,57.0222,2025-04-11
NDQ,43.9898,2025-04-11
STW,67.6118,2025-04-11
IVV,56.9029,2025-04-14
NDQ,43.9997,2025-04-14
STW,68.5045,2025-04-14
IVV,56.2562,2025-04-15
NDQ,43.1444,2025-04-15
STW,68.6909,2025-04-15
IVV,55.5101,2025-04-16
NDQ,42.3875,2025-04-16
STW,68.6222,2025-04-16
IVV,55.6494,2025-04-17
NDQ,42.5841,2025-04-17
STW,69.152,2025-04-17
IVV,53.3415,2025-04-22
NDQ,40.6771,2025-04-22
STW,69.1225,2025-04-22
IVV,55.5101,2025-04-23
NDQ,42.4662,2025-04-23
STW,70.0447,2025-04-23
IVV,55.8484,2025-04-24
NDQ,42.8102,2025-04-24
STW,70.5156,2025-04-24
IVV,56.9128,2025-04-28
NDQ,44.1766,2025-04-28
STW,70.7608,2025-04-28
IVV,57.062,2025-04-29
NDQ,44.2552,2025-04-29
STW,71.3494,2025-04-29
IVV,57.2411,2025-04-30
NDQ,44.3241,2025-04-30
STW,71.8105,2025-04-30
IVV,58.1563,2025-05-01
NDQ,45.2874,2025-05-01
STW,72.0263,2025-05-01
IVV,58.1961,2025-05-02
NDQ,45.2284,2025-05-02
STW,72.8798,2025-05-02
IVV,57.7783,2025-05-05
NDQ,45.081,2025-05-05
STW,72.1735,2025-05-05
IVV,57.7982,2025-05-06
NDQ,44.9728,2025-05-06
STW,72.0852,2025-05-06
IVV,57.5793,2025-05-07
NDQ,44.8745,2025-05-07
STW,72.3697,2025-05-07
IVV,58.3254,2025-05-08
NDQ,45.543,2025-05-08
STW,72.5659,2025-05-08
IVV,58.6537,2025-05-09
NDQ,45.8969,2025-05-09
STW,72.8896,2025-05-09
IVV,59.0914,2025-05-12
NDQ,46.4867,2025-05-12
STW,72.9583,2025-05-12
IVV,60.315,2025-05-13
NDQ,47.4304,2025-05-13
STW,73.3703,2025-05-13
IVV,60.315,2025-05-14
NDQ,47.971,2025-05-14
STW,73.439,2025-05-14
IVV,60.5339,2025-05-15
NDQ,48.3446,2025-05-15
STW,73.5862,2025-05-15
IVV,60.9716,2025-05-16
NDQ,48.4232,2025-05-16
STW,74.008,2025-05-16
IVV,61.091,2025-05-19
NDQ,48.3839,2025-05-19
STW,73.6646,2025-05-19
IVV,61.29,2025-05-20
NDQ,48.551,2025-05-20
STW,74.1846,2025-05-20
IVV,60.8323,2025-05-21
NDQ,48.1676,2025-05-21
STW,74.4396,2025-05-21
IVV,60.2056,2025-05-22
NDQ,47.8727,2025-05-22
STW,74.0865,2025-05-22
IVV,60.1061,2025-05-23
NDQ,47.8236,2025-05-23
STW,74.2042,2025-05-23
IVV,59.5689,2025-05-26
NDQ,47.4009,2025-05-26
STW,74.2238,2025-05-26
IVV,59.9967,2025-05-27
NDQ,47.7056,2025-05-27
STW,74.6457,2025-05-27
IVV,61.0015,2025-05-28
NDQ,48.6198,2025-05-28
STW,74.5279,2025-05-28
IVV,61.7973,2025-05-29
NDQ,49.4947,2025-05-29
STW,74.626,2025-05-29
IVV,60.902,2025-05-30
NDQ,48.4724,2025-05-30
STW,74.8517,2025-05-30
IVV,60.325,2025-06-02
NDQ,47.9219,2025-06-02
STW,74.6751,2025-06-02
IVV,60.8124,2025-06-03
NDQ,48.5019,2025-06-03
STW,75.1754,2025-06-03
IVV,61.3496,2025-06-04
NDQ,49.0622,2025-06-04
STW,75.8229,2025-06-04
IVV,60.9716,2025-06-05
NDQ,48.8459,2025-06-05
STW,75.7738,2025-06-05
IVV,60.8721,2025-06-06
NDQ,48.6493,2025-06-06
STW,75.5972,2025-06-06
IVV,61.2502,2025-06-10
NDQ,48.9639,2025-06-10
STW,76.2153,2025-06-10
IVV,61.29,2025-06-11
NDQ,49.0523,2025-06-11
STW,76.2545,2025-06-11
IVV,61.3397,2025-06-12
NDQ,49.0327,2025-06-12
STW,76.0191,2025-06-12
IVV,61.0512,2025-06-13
NDQ,48.669,2025-06-13
STW,75.8817,2025-06-13
IVV,61.1805,2025-06-16
NDQ,48.8459,2025-06-16
STW,75.8719,2025-06-16
IVV,61.081,2025-06-17
NDQ,48.9442,2025-06-17
STW,75.7935,2025-06-17
IVV,61.1507,2025-06-18
NDQ,48.9442,2025-06-18
STW,75.7444,2025-06-18
IVV,61.1706,2025-06-19
NDQ,48.9049,2025-06-19
STW,75.715,2025-06-19
IVV,61.081,2025-06-20
NDQ,48.9049,2025-06-20
STW,75.4893,2025-06-20
IVV,61.6282,2025-06-23
NDQ,49.1998,2025-06-23
STW,75.2441,2025-06-23
IVV,62.056,2025-06-24
NDQ,49.711,2025-06-24
STW,75.9602,2025-06-24
IVV,62.2947,2025-06-25
NDQ,50.0059,2025-06-25
STW,75.9308,2025-06-25
IVV,62.1057,2025-06-26
NDQ,49.9764,2025-06-26
STW,75.9014,2025-06-26
IVV,62.434,2025-06-27
NDQ,50.2713,2025-06-27
STW,75.7299,2025-06-27
IVV,62.8518,2025-06-30
NDQ,50.635,2025-06-30
STW,75.9377,2025-06-30
IVV,62.5027,2025-07-01
NDQ,50.3276,2025-07-01
STW,75.9278,2025-07-01
IVV,62.7221,2025-07-02
NDQ,50.1489,2025-07-02
STW,76.4226,2025-07-02
IVV,62.9416,2025-07-03
NDQ,50.4169,2025-07-03
STW,76.3929,2025-07-03
IVV,63.2209,2025-07-04
NDQ,50.7444,2025-07-04
STW,76.4918,2025-07-04
IVV,63.7296,2025-07-07
NDQ,51.0719,2025-07-07
STW,76.3533,2025-07-07
IVV,63.3505,2025-07-08
NDQ,50.9032,2025-07-08
STW,76.3434,2025-07-08
IVV,63.2109,2025-07-09
NDQ,50.7642,2025-07-09
STW,75.9278,2025-07-09
IVV,63.3106,2025-07-10
NDQ,50.8833,2025-07-10
STW,76.3533,2025-07-10
IVV,63.181,2025-07-11
NDQ,50.6253,2025-07-11
STW,76.284,2025-07-11
IVV,62.9416,2025-07-14
NDQ,50.4665,2025-07-14
STW,76.2049,2025-07-14
IVV,63.7196,2025-07-15
NDQ,51.2505,2025-07-15
STW,76.7491,2025-07-15
IVV,63.3904,2025-07-16
NDQ,51.1414,2025-07-16
STW,76.0861,2025-07-16
IVV,64.1585,2025-07-17
NDQ,51.7269,2025-07-17
STW,76.7788,2025-07-17
IVV,64.5376,2025-07-18
NDQ,52.0644,2025-07-18
STW,77.8574,2025-07-18
IVV,64.2982,2025-07-21
NDQ,51.8857,2025-07-21
STW,77.0559,2025-07-21
IVV,64.2782,2025-07-22
NDQ,51.975,2025-07-22
STW,77.1152,2025-07-22
IVV,63.949,2025-07-23
NDQ,51.4193,2025-07-23
STW,77.6694,2025-07-23
IVV,63.8892,2025-07-24
NDQ,51.3597,2025-07-24
STW,77.422,2025-07-24
IVV,64.378,2025-07-25
NDQ,51.6872,2025-07-25
STW,77.0559,2025-07-25
IVV,64.9964,2025-07-28
NDQ,52.2132,2025-07-28
STW,77.3329,2025-07-28
IVV,65.146,2025-07-29
NDQ,52.4613,2025-07-29
STW,77.3824,2025-07-29
IVV,65.1061,2025-07-30
NDQ,52.4514,2025-07-30
STW,77.8376,2025-07-30
IVV,65.9939,2025-07-31
NDQ,53.4935,2025-07-31
STW,77.709,2025-07-31
IVV,65.2956,2025-08-01
NDQ,52.6201,2025-08-01
STW,77.0163,2025-08-01
IVV,64.1785,2025-08-04
NDQ,51.588,2025-08-04
STW,77.0064,2025-08-04
IVV,65.2059,2025-08-05
NDQ,52.6102,2025-08-05
STW,78.0157,2025-08-05
IVV,64.7271,2025-08-06
NDQ,52.0048,2025-08-06
STW,78.6194,2025-08-06
IVV,64.8069,2025-08-07
NDQ,52.4216,2025-08-07
STW,78.5006,2025-08-07
IVV,64.6573,2025-08-08
NDQ,52.501,2025-08-08
STW,78.2928,2025-08-08
IVV,65.1361,2025-08-11
NDQ,52.9476,2025-08-11
STW,78.6688,2025-08-11
IVV,65.1859,2025-08-12
NDQ,52.9179,2025-08-12
STW,78.9558,2025-08-12
IVV,65.545,2025-08-13
NDQ,53.3645,2025-08-13
STW,78.5105,2025-08-13
IVV,65.5151,2025-08-14
NDQ,53.1561,2025-08-14
STW,78.8964,2025-08-14
IVV,66.2632,2025-08-15
NDQ,53.5927,2025-08-15
STW,79.5099,2025-08-15
IVV,65.8243,2025-08-18
NDQ,53.2652,2025-08-18
STW,79.6683,2025-08-18
IVV,65.9939,2025-08-19
NDQ,53.3546,2025-08-19
STW,79.2131,2025-08-19
IVV,66.0039,2025-08-20
NDQ,52.8285,2025-08-20
STW,79.5495,2025-08-20
IVV,66.2034,2025-08-21
NDQ,52.9576,2025-08-21
STW,80.4005,2025-08-21
IVV,65.944,2025-08-22
NDQ,52.6301,2025-08-22
STW,79.9849,2025-08-22
IVV,66.1535,2025-08-25
NDQ,52.8782,2025-08-25
STW,80.0443,2025-08-25
IVV,66.0837,2025-08-26
NDQ,52.8285,2025-08-26
STW,79.6881,2025-08-26
IVV,66.2832,2025-08-27
NDQ,53.037,2025-08-27
STW,79.9453,2025-08-27
IVV,66.1036,2025-08-28
NDQ,52.7492,2025-08-28
STW,80.1927,2025-08-28
IVV,66.0936,2025-08-29
NDQ,52.9476,2025-08-29
STW,80.1334,2025-08-29
IVV,65.565,2025-09-01
NDQ,52.1834,2025-09-01
STW,79.7178,2025-09-01
IVV,65.6747,2025-09-02
NDQ,52.2926,2025-09-02
STW,79.5297,2025-09-02
IVV,65.5151,2025-09-03
NDQ,52.2529,2025-09-03
STW,78.1741,2025-09-03
IVV,65.7844,2025-09-04
NDQ,52.511,2025-09-04
STW,79.1339,2025-09-04
IVV,66.333,2025-09-05
NDQ,53.1164,2025-09-05
STW,79.5594,2025-09-05
IVV,65.7545,2025-09-08
NDQ,52.7988,2025-09-08
STW,79.3813,2025-09-08
IVV,65.5051,2025-09-09
NDQ,52.6896,2025-09-09
STW,78.9558,2025-09-09
IVV,65.6946,2025-09-10
NDQ,52.8285,2025-09-10
STW,79.223,2025-09-10
IVV,65.8243,2025-09-11
NDQ,52.8285,2025-09-11
STW,79.0053,2025-09-11
IVV,65.8642,2025-09-12
NDQ,52.7789,2025-09-12
STW,79.5891,2025-09-12
IVV,65.8443,2025-09-15
NDQ,52.9675,2025-09-15
STW,79.4803,2025-09-15
IVV,66.1335,2025-09-16
NDQ,53.4042,2025-09-16
STW,79.7079,2025-09-16
IVV,65.8044,2025-09-17
NDQ,53.1759,2025-09-17
STW,79.0844,2025-09-17
IVV,66.5325,2025-09-18
NDQ,53.7912,2025-09-18
STW,78.5402,2025-09-18
IVV,66.9315,2025-09-19
NDQ,54.2478,2025-09-19
STW,78.7282,2025-09-19
IVV,67.1909,2025-09-22
NDQ,54.5753,2025-09-22
STW,79.0647,2025-09-22
IVV,67.6298,2025-09-23
NDQ,54.9921,2025-09-23
STW,79.3912,2025-09-23
IVV,66.9615,2025-09-24
NDQ,54.347,2025-09-24
STW,78.6787,2025-09-24
IVV,67.0612,2025-09-25
NDQ,54.4066,2025-09-25
STW,78.7678,2025-09-25
IVV,67.2707,2025-09-26
NDQ,54.5852,2025-09-26
STW,78.8766,2025-09-26
IVV,67.4702,2025-09-29
NDQ,54.7539,2025-09-29
STW,79.59,2025-09-29
IVV,67.141,2025-09-30
NDQ,54.5455,2025-09-30
STW,79.38,2025-09-30
IVV,67.0712,2025-10-01
NDQ,54.78,2025-10-01
STW,79.4,2025-10-01
IVV,67.54,2025-10-02
NDQ,55.33,2025-10-02
STW,80.45,2025-10-02
IVV,67.97,2025-10-03
NDQ,55.78,2025-10-03
STW,80.78,2025-10-03
IVV,67.9,2025-10-06
NDQ,55.55,2025-10-06
STW,80.58,2025-10-06
IVV,67.83,2025-10-07
NDQ,55.66,2025-10-07
STW,80.39,2025-10-07
IVV,68.18,2025-10-08
NDQ,55.86,2025-10-08
STW,80.27,2025-10-08
IVV,68.05,2025-10-09
NDQ,56.06,2025-10-09
STW,80.54,2025-10-09
IVV,68.31,2025-10-10
NDQ,56.39,2025-10-10
STW,80.38,2025-10-10
IVV,67.73,2025-10-13
NDQ,55.66,2025-10-13
STW,79.8,2025-10-13
IVV,68.13,2025-10-14
NDQ,56.02,2025-10-14
STW,79.93,2025-10-14
IVV,68.13,2025-10-15
NDQ,55.88,2025-10-15
STW,80.72,2025-10-15
IVV,68.44,2025-10-16
NDQ,56.19,2025-10-16
STW,81.4,2025-10-16
IVV,67.85,2025-10-17
NDQ,55.81,2025-10-17
STW,80.74,2025-10-17
IVV,68.48,2025-10-20
NDQ,56.52,2025-10-20
STW,81.05,2025-10-20
IVV,68.97,2025-10-21
NDQ,56.96,2025-10-21
STW,81.65,2025-10-21
IVV,69.1,2025-10-22
NDQ,57.01,2025-10-22
STW,81.11,2025-10-22
IVV,68.84,2025-10-23
NDQ,56.61,2025-10-23
STW,81.14,2025-10-23
IVV,69.16,2025-10-24
NDQ,57.4667,2025-10-24
STW,81.12,2025-10-24
IVV,69.79,2025-10-27
NDQ,57.8,2025-10-27
STW,81.32,2025-10-27
IVV,69.72,2025-10-28
NDQ,57.95,2025-10-28
STW,81.03,2025-10-28
IVV,69.71,2025-10-29
NDQ,58.3,2025-10-29
STW,80.18,2025-10-29
IVV,69.56,2025-10-30
NDQ,58.3,2025-10-30
STW,79.86,2025-10-30
IVV,69.85,2025-10-31
NDQ,58.6,2025-10-31
STW,79.81,2025-10-31
IVV,69.65,2025-11-03
NDQ,58.33,2025-11-03
STW,79.86,2025-11-03
IVV,69.52,2025-11-04
NDQ,58.16,2025-11-04
STW,79.8,2025-11-04
IVV,69.4,2025-11-05
NDQ,57.57,2025-11-05
STW,79.16,2025-11-05
IVV,69.53,2025-11-06
NDQ,57.93,2025-11-06
STW,79.38,2025-11-06
IVV,69.2,2025-11-07
NDQ,57.28,2025-11-07
STW,78.82,2025-11-07
IVV,69.17,2025-11-10
NDQ,57.27,2025-11-10
STW,79.41,2025-11-10
IVV,69.75,2025-11-11
NDQ,57.77,2025-11-11
STW,79.35,2025-11-11
IVV,70.02,2025-11-12
NDQ,57.87,2025-11-12
STW,79.2,2025-11-12
IVV,69.73,2025-11-13
NDQ,57.51,2025-11-13
STW,78.81,2025-11-13
IVV,68.66,2025-11-14
NDQ,56.24,2025-11-14
STW,77.86,2025-11-14
IVV,69.12,2025-11-17
NDQ,56.86,2025-11-17
STW,77.88,2025-11-17
IVV,68.33,2025-11-18
NDQ,56.06,2025-11-18
STW,76.41,2025-11-18
IVV,67.91,2025-11-19
NDQ,55.53,2025-11-19
STW,76.13,2025-11-19
IVV,69.19,2025-11-20
NDQ,57.08,2025-11-20
STW,77.14,2025-11-20
IVV,67.84,2025-11-21
NDQ,55.07,2025-11-21
STW,75.88,2025-11-21
IVV,68.43,2025-11-24
NDQ,55.64,2025-11-24
STW,76.78,2025-11-24
IVV,69.22,2025-11-25
NDQ,56.75,2025-11-25
STW,77.01,2025-11-25
IVV,69.51,2025-11-26
NDQ,56.9,2025-11-26
STW,77.62,2025-11-26
IVV,69.54,2025-11-27
NDQ,56.99,2025-11-27
STW,77.67,2025-11-27
